url,time,content,title,abstract
http://www.yicai.com/news/5268842.html,张婧熠,"自2014年底完成借壳上市以来，中安消发起了多次资产收购，以现金支付方式购买了超过10家公司的股权。一系列的现金并购，使得中安消的负债率、商誉、对外担保额迅速高企，现金流趋紧张，大股东目前还将所持公司股份的九成用以质押融资。而近日，中安消再以现金方式发起新一轮的并购。
中安消的激进并购之势，已引发市场和监管层关注。更值得注意的是，中安消借壳上市时置入的资产，已连续两年未能完成业绩承诺;在迅速推进资产收购的同时，中安消将多个并购资产未来业绩悄然纳入借壳业绩承诺的核算之中。业绩不足、并购来凑，市场与监管层对中安消“以收购买业绩”的质疑渐起。
今年3月，中安消发布了最新的重大资产购买预案。公司拟通过波兰下属子公司以支付现金的形式，购买Konsalnet集团100%股权；初步预估交易作价8.08亿元，支付款将以自有资金、债务融资等方式筹集。
为支付收购对价，中安消的境外全资子公司中安消国际在当月向东英金融投资申请金额不超过1.3亿欧元的综合授信，期限为3至5年;中安消以及控股股东深圳中恒汇志投资有限公司(下称“中恒汇志”)为此提供担保。此外，中安消实际控制人涂国身在当月还质押1200万股限售股给国投泰康信托，用于“投融资需要”。
伴随新一轮现金收购的公布，中安消原本已不轻松的资金压力进一步加剧。
最新发布的公告显示，中安消对下属全资子公司担保额已达25.08亿元，占上市公司最近一期经审计净资产的86%。上述股权质押完成后，涂国身及一致行动人累计质押股份有4.79亿股，已经占其所持公司股份的89.7%。此外，上海证券交易所针对此收购下发的问询函还指出，中安消2016年三季报披露公司当期有货币资金7.12亿元，已少于本次交易所需支付的现金对价。同时，公司今年经营活动产生的现金净流量持续为负，短期负债大幅增加，资产负债率也不断攀升，三季度末的资产负债率达到67.12%。
高担保额、高负债、高比例质押，是中安消接连发起现金并购所导致的结果。据不完全统计，中安消自2014年底完成借壳后的两年里，已发起过六次资产收购，以现金支付购买的标的资产已有十多个。
中安消前身是飞乐股份，2014年上市公司向中恒汇志发行股份，购买其持有的中安消技术有限公司100%股权。该交易构成借壳上市，当年12月获证监会批文并完成股份过户登记。至此，上市公司控股股东变更为中恒汇志，实际控制人由上海市国资委变更为涂国身，主营业务变更为安防与安保相关业务。
第一次收购就发生在借壳完成后不久。2015年2月，中安消宣布因重大事项停牌。当年4月，中安消子公司香港飞乐以现金6.95亿元，收购卫安控股有限公司旗下子公司卫安1有限公司(下称“卫安1”)。卫安1的实际控制人是涂国身，此次交易构成关联交易。
第二次资产收购在2015年10月21日，中安消拟以支付现金的形式购买澳门卫安、深圳迪特、飞利泰和深圳威大等四家公司全部股权，交易价格合计为6.38亿元。中安消称，交易资金来源为自有资金及金融机构借款。当年11月第三次资产收购随即启动。中安消全资子公司中安消技术以现金1.68亿元，收购上海擎天电子科技100%股权。
进入2016年，中安消的现金并购势头丝毫不减，又先后发起两次重大资产收购。5月，中安消股东大会审议通过以支付现金的形式购买澳洲安保集团100%股权及两处永久物业、泰国卫安股权，交易价格合计为9.78亿元。7月22日，中安消再宣布以现金收购启创卓越、华和万润、中科智能的全部股权，交易总价达17.08亿元。其中，由于启创卓越存在大额预付款事宜，中安消在2017年3月终止了对其的收购。
此外，中安消还在去年10月向实际控制人涂国身控制的深圳科松、明景智能、明景电子，购买了账面净值约985万元的安防业务相关的资产。
一系列的资产并购，均采用了现金支付的形式。除自有资金外，中安消还通过金融机构借款等债务融资方式自筹资金。从公告披露的情况统计，中安消控股股东和实际控制人从2015年起，进行过61次股权质押。期间，中安消发行过两次公司债券，用于偿还金融机构借款和补充流动资金。公司还曾针对支付并购的现金对价，启动过超短期融资券和非公开发行股票，但最终都终止发行。
对于中安消此次再以现金收购境外资产，上证所对交易实施必要性、资金来源进行了发问。交易所要求公司结合十多次现金收购，披露战略规划和经营目标，说明连续实施现金收购是否影响公司正常生产经营。同时还要求公司公布支付现金的筹措安排，明确公司是否存在“短贷长投”、是否存在流动性风险等。
对于上述一系列资产收购，中安消对外宣布的交易目的，是不断拓展安防和安保的产业链，进军海外安保市场。但与之形成对比的是，中安消在借壳上市时置入的主要资产，自借壳完成当年已连续两年未完成业绩承诺。而此时安消以现金支付快速推进资产并购，同时修改业绩补偿的计算标准;这让市场与监管层对中安消“以收购撑业绩”的质疑渐起。
根据借壳上市时签订的利润补偿协议，中恒汇志的置入资产，即中安消技术在2014年至2016年的利润预测数分别为2.1亿元、2.8亿元、3.8亿元，补偿测算以置入资产交易实施完毕后的三年内实现净利润的年度数和各年累计数为准。
然而，就在借壳上市完成的同时，公告显示中安消技术2014年就未能完成业绩承诺，较预测净利润少2581万元，差异率达12.29%。经测算，中恒汇志须补偿1176.84万股。中安消方面称，未实现业绩承诺主要是由于中安消承接的部分安防系统集成项目开工有所延迟而导致。但至2015年，中安消技术再次未实现盈利预测，且差异率进一步扩大。盈利预测实现情况显示，中安消技术当年实现净利润较此前预测少8299.98万元，差异率达29341%。中恒汇志当年应补偿3692.32万股。
值得注意的是，证监会目前已开始收紧对重大资产重组中业绩“失诺”的监管。2016年6月证监会对上市公司业绩补偿承诺的相关问题与解答中，强调业绩承诺是重组方案的重要组成部分，重组方应当严格按照业绩补偿协议履行承诺，不得变更业绩补偿承诺。
面对不达承诺业绩的置入资产、不断趋严的监管环境，中安消以现金收购形式快速推进一系列的资产收购，并悄然将并购标的的未来业绩纳入业绩承诺核算之中。
在去年7月发起对启创卓越等四家公司资产收购时，上证所就曾问询，重组标的未来业绩是否纳入借壳上市业绩承诺核算中。中安消回复称，借壳完成后收购的资产中，除了以香港飞乐为主体收购的香港卫安之外，其他资产的业绩都纳入借壳上市业绩承诺核算。包括深圳威大、飞利泰、澳门卫安、深圳迪特、上海擎天、澳洲安保集团、泰国卫安、启创卓越(现已终止收购)、华和万润、中科智能。
中安消对此表示，中安消技术利用自有资金自行拓展业务实现的内生增长，与收购外部企业达到外延发展，都属于置入资产为股东创造利益最大化的经营行为。在借壳重组评估说明的收入预测说明中，也曾说明借壳后并购发展对业绩产生正面影响。“中安消技术现金购买企业所产生的业绩纳入中安消技术作为借壳置入资产业绩承诺核算的一部分，具有合理性。”
业绩不足、并购来凑，而利用现金收购形式还可以绕开监管层的相关审批流程，置入资产不达业绩承诺的隐患似乎已经消除，但更多的风险却在迅速聚集。
目前，上证所已就标的资产业绩是否计入借壳业绩承诺进一步问询，并直接发问是否存在通过连续收购规避业绩承诺的情形。此外，截至三季报末，中安消的商誉余额为21.53亿元，占公司净资产的比重为72.22%。而此次拟收购的Konsalnet集团因以前并购产生的商誉达1.56亿元，此次收购将增加公司的商誉余额。上证所已要求中安消披露商誉减值的风险。
中安消已发布延期回复上证所问询函的公告，4月21日本周五在上证所召开重组媒体说明会。",两年吞下十多家公司 中安消再被疑以并购“买业绩”,
http://www.yicai.com/news/5268848.html,2017-04-18 22:17,"4月18日消息，辉山乳业发布晚间公告称，苏永海及郭学研已辞任公司执行董事，目前董事会仅余实控人杨凯及已失联高管葛坤。于本公告日期，仍未能联络到葛坤，由于董事会不符合公司章程所规定的最低董事人数要求，故目前董事未能在一般情况下代表本公司行事。
公告称，郭学研先生已辞任本公司执行董事， 该辞任后，郭 先生亦不再为本公司食品质量与安全咨询委员会成员。尽管从董事会辞任 ，郭学研亦仍 于本集团任职副总裁，主要负责本集团的乳品原料业。苏永海先生正从近期预约进行的心脏手术恢复，因健康理由辞任本公司执行董事。该辞任后亦已不再为本公司之首席财务官、薪酬委员会 、提名委员会及食品质量与安全咨询委员会的成员。
公告还称，于本公告日期，本公司余下董事为杨凯先生及葛坤女士( 仍未能联络 )，且董事会董事人数已减少至低于本公司章程细则所规定最少三名董事的要求。因此，除委任额外董事加入本公司及召开股东大会外，董事会不再能代表本公司行事，直至符合最低董事人数要求为 止。杨凯先生正在采取切实可行的行动，以物色适当人选以填补董事会空缺。",辉山乳业两名执行董事辞职 董事会仅剩实控人及失联高管,
http://www.yicai.com/news/5268832.html,周宏达,"新三板作为全国中小企业股份转让的场所，投资者开通证券账户新三板权限后就可以在上面购买到一万多家新三板挂牌企业的股权。不过最近小编发现在淘宝网上也可以买到新三板企业的股权，而且还比在新三板上的交易价格低，这是怎么回事？
被挂在淘宝网进行交易的是800万股元亨光电(430382.OC)的股份，约占公司总股本的14.8%，原来是深圳市罗湖区人民法院在进行司法拍卖，起拍价为2800万元，大约是这800万股在新三板市值的一半。
元亨光电在淘宝网的拍卖秀吸引了4161次围观，场面火热，甚至还真有一人愿意交280万元的保证金报名参加举牌。反而，在新三板上公司股票的交易不算活跃。虽然元亨光电有6家券商做市报价，是按照创新层的标准配备，但是去年全年交易量才只有25万股，还不如在淘宝上拍卖。当然，新三板有500万元的投资者准入门槛，有资格交易的投资者数量很有限。
按常理被司法处置的资产多为不良资产，但元亨光电作为深市上市公司大族激光（002008.SZ)参股的国家级高新技术企业，业绩表现不俗，LED产品远销海内外。2015年、2016年上半年，元亨光电营业收入分别为3.16亿元、1.77亿元，净利润为2701万元、1346万元，公司也没有涉及到严重的司法诉讼。

原来问题出在元亨光电的第二大股东深圳市元亨能源管理有限公司（以下简称“元亨能源”）身上。元亨能源共持有元亨光电904万股，占总股本16.79%，元亨能源的大股东杜尚勇同时也是元亨广电的董事长。本次司法拍卖的正是元亨能源持有的元亨光电股份。
元亨能源在外面借了高利贷一直没还，去年11月被法院列入失信人了。根据深圳市罗湖人民区法院的一份判决书，元亨能源于2014年10月24日向自然人谢衡借了一笔3500万元的短期借款，期限为30天，利率按照当时基准利率四倍计算为月息1.86%。
但是，元亨能源不仅到期后没有还钱，并且在法院判决元亨能源还本付息之后，仍然不执行，与此同时利息还在继续滚动。罗湖区法院一看怒了，为了让元亨能源偿还借款，法院决定强制拍卖元亨能源持有的新三板公司元亨光电的股份。
元亨能源这种坚决不还钱的态度也是让小编匪夷所思，毕竟元亨能源科室一家实缴注册资本金为1亿元的公司。为了一笔一个月期的高利贷，元亨能源真的不惜失去最有价值的元亨光电股份？难道是公司账上真的没钱了？
无论如何，出来混总是要还的。从去年7月到9月，罗湖区法院连续举行了三场线下拍卖。2016 年 7 月 19 日，罗湖区法院正式拍卖元亨能源持有的418万股元亨光电股票，起拍价格约2300万元，平均每股价格约5.5元，略低于当时挂牌公司的做市股价6元，但是拍卖现场门可罗雀，却无人报名。
首次拍卖宣告流拍后，罗湖区法院又连续进行了两次拍卖，定价一次比一次低，每股价格从4.54元降到3.5元，本来是按照收益法估值，这下要按照净资产估值。但即便如此，仍然没有一个人报名竞拍。
理论上，要是以3.5元成本拍下，转手到新三板卖出就一倍的赚头。但是吃瓜群众并不买账，案件执行陷入僵持。
就在这时，一则消息打开了法院的心扉。市场上出现了首例新三板股权拍卖成功案例，拍卖不是在线下，而是在淘宝网。2016年12月，吉林昊融持有的东海证券(832970.OC)的1亿股股权通过淘宝网司法拍卖，吸引了2万人围观，8人竞拍，最终以总价13亿元成交，溢价近27%。
“互联网+”的力量让人们看到了希望，罗湖法院也决定转战淘宝网。今年4月10日，罗湖法院在淘宝网上进行第四次元亨光电股份拍卖，诚意十足，拍卖数量达800万股，约占元亨光电总股本的14.8%，起拍价为2800万元，平均价格低至3.5元/股，大约是市价的半折。保证金也从500万元调到280万元，切切实实地降了门槛。
果然，淘宝的效果就是不一样，拍卖吸引了4161次围观，有3人设置拍卖提醒，而且还有一人真金白银掏出280万高额保证金报名参加此次拍卖。就在关键时刻，拍卖被深圳市中级人民法院临时叫停，原来案子又被告到深圳中级法院，法院已经受理，所以本案暂缓执行监督程序。
目前元亨光电股权第四次拍卖在淘宝网显示为暂停状态，不排除重新启拍卖的可能。元亨光电也公告称，公司将密切了解拍卖的进展，提示投资人对本次拍卖保持关注。
不过，元亨光电到底值多少钱还是个未解之谜，公司股票在二级市场做市报价从去年7月的6月，一路上涨到目前的6.7元，3月最高触及7.05元。
但同时，元亨光电完成了新一轮定增，发行261万股，发行价格为4元，不过发行对象全部为公司高管和核心员工。公司表示，股票发行价格是综合参考了公司所处行业、成长性、每股净资产等多种因素，与认购人沟通后确认的。财报显示，截至去年6月30日，公司每股净资产为2.98元。
（第一财经实习生王天然对本文亦有贡献）",元亨光电股份被挂淘宝拍卖  起拍价“打半折”,
http://www.yicai.com/news/5268836.html,王娟娟,"借定增之举，均瑶集团距离拿到爱建集团控制权仅有“一步之遥”，却意外杀出个看准爱建集团金融牌照的华豚。双方“你来我往”，相继抛出增持计划，对第一大股东的交椅互不相让。而爱建集团目前的第一大股东上海工商界爱国建设特种基金会(下称“爱建基金会”)则以公开声明方式力挺均瑶集团，围绕着这家股权分散的老牌金控上市平台的股权争夺战一触即发。
4月17日晚间，爱建集团发布三份重要公告，在宣布公司17亿元的定增方案终于过会的同时，公告了均瑶集团“未来12个月内增持不低于3%股份”的计划，这一增持计划在外界看来，为的就是阻击上述“门口的野蛮人”。在此前的一周内，上海华豚企业管理有限公司(下称“华豚企业”)及其一致行动人广州基金国际股权投资基金管理有限公司(下称“广州基金国际”)闪电增持爱建集团，触及举牌线并明确拟以第一大股东的身份，改组爱建集团目前董事会，主导上市公司。
对于这一新晋的举牌方，爱建集团方面在接受第一财经记者采访时表示“意外”，按照原定的增持计划，定增实施后，均瑶集团将以17.67%的持股接力上海国资委，成为公司的实际控制人。面对突然杀出的“野蛮人”，爱建基金会选择与均瑶结盟，并表态“考虑采取包括但不限于与均瑶集团形成一致行动关系等措施”。
不过，对于爱建的实际控制权，华豚一方未有退让之意。华豚企业董事长顾颉在接受第一财经记者采访时表示，公司将在合规之下，第一步先完成2.1%的增持计划，后续增持资金亦有安排，将根据市场以及均瑶集团的情况而定。对于下一步的增持计划，第一财经记者亦试图联系均瑶集团董事长王均金，但截至发稿未有回应。不过，仅以目前爱建集团的股价与股权机构来看，拿下上市公司控制权，华豚一方或将付出数十亿成本。
“虽然爱建旗下的证券、信托等的资质都比较一般，但和其他的地方金控平台相比，它手里有多张金融牌照，且股权分散增持压力小。”如一长期跟踪爱建集团的非银分析师所说，华豚之所以闪电增持爱建集团，盯上的就是后者手中的金融牌照，尤其是核心的信托牌照。
年报信息显示，爱建集团平台目前旗下共有6家核心子公司，包括爱建信托(持股99.33%)、爱建资本、爱建资产管理公司、爱建融资租赁公司、爱建财富管理公司及爱建产业发展公司。其中，爱建信托为2016年实现净利润5.79亿元，为爱建集团贡献了超九成利润。
对于看上爱建集团的牌照，华豚一方也并不避讳。顾颉告诉第一财经记者，作为老牌金融集团，爱建集团的金融牌照，尤其信托牌照非常有吸引力。
“从公司的发展经历来看，爱建集团的法人治理结构不是很完善，广州基金国际和我们也有约定，准备未来把公司打造成全牌照的金融集团。”顾颉表示。
华豚企业的此次举牌有备而来。第一财经记者查阅工商资料发现，华豚企业成立于2014年7月，于今年4月1日进行了增资扩股，引入了背靠广州国资委的广州汇垠天粤国际，形成了顾颉持股33.34%(法定代表人)、华豚集团持股33.33%、汇垠天粤持股33.33%的股权结构。而汇垠天粤则为广州基金国际的控股股东，同样隶属广州市国资委。
按照顾颉所说，4月1日的增资扩股为的就是举牌爱建集团。汇垠天粤董事长闵飞则强调，本次增持获得了广州市国资委的支持。接近广州基金国际的人士亦对第一财经记者表示，实际上这一举牌透露出的或是广东国资想在金融领域亦有所新作为。
虽然顾颉一再表明，本次举牌并未有做“门口的野蛮人或者妖精”之意，但仍然难以打消外界的疑虑，对于增持资金的来源质疑亦未消除。对此，顾颉回应称，目前增持资金均来自于华豚企业的注册资本，后续增持资金亦有安排。工商信息显示，华豚企业注册资本合计27亿元。
对于爱建集团目前的经营现状，华豚一方认为，爱建集团目前已落后同期拿到牌照的其他的老牌金融集团。若华豚一方成为爱建的第一大股东，改选董事会，调整法人治理结构势在必行。
以目前爱建集团的董事会席位来看，显然上市公司以及爱建基金会与均瑶集团暂为盟友。公开信息显示，爱建集团目前的6名非独立董事中，有三名为均瑶集团推荐，且均瑶集团董事长王均金已于2016 年7 月当选为爱建集团董事长。
实际上，早在2015年，均瑶集团就开始谋划取得爱建集团控制权。2015年8月28日，均瑶集团与上海国际集团签订股权转让协议，协议受让爱建集团7.08%股权。随后11月，爱建集团公司公告定增方案，向均瑶集团、王均金、王均豪非公开发行非公开发行1.8亿股，购买其合计持有的均瑶乳业99.8125%股权。
2017年1月25日，爱建集团调整方案为发行1.85亿股，共募资17亿元。12 亿元用于向爱建信托增资，4 亿元通过爱建信托投资创投项目，1 亿元用于偿还银行借款。而定增若完成，均瑶集团的持股比例将上升至17.67%，为第一大股东。且爱建集团6个非独立董事席位中均瑶集团有权推荐5 名候选人。
上述分析师认为，从持股比例上来说，如果定增顺利，对于拿下爱建集团控制权，均瑶集团更为有利。就在华豚集团宣布举牌后第二天，均瑶集团亦公告，计划于未来12 个月增持爱建集团股份不少于3%。而作为爱建集团当下的大股东，爱建特种基金会明确支持均瑶集团取得上市公司实际控制人地位，并表达了对华豚集团的“警惕”。
“若相关股东进一步增持股份,且其后续行为对上市公司稳定发展产生不利影响的,本基金会将在符合相关法律法规以及信息披露要求的基础上,考虑采取包括但不限于与均瑶集团形成一致行动关系等各项积极措施,以全力支持爱建集团的后续发展。”爱建集团方面表示。
对于持股比例的争夺，华豚一方与均瑶集团均不相让。“若对方继续增持，我们也有信心继续增持。”4月18日下午，华豚方面对第一财经记者这样表示。仅以目前爱建集团的股权结构和股价来看，若爱建基金会与均瑶集团结成一致行动人，两方持股19.38%，华豚一方想拿下控制权则需要近30亿元。
另有非银分析人士对第一财经记者表示，目前爱建集团两方争夺控制权的局面，或对其复牌后股价走势有利，一干基金将搭顺风车获利，但股价水涨船高对于增持双方来说成本均不可避免上升，争斗局面将走向何方仍难预测。",华豚横刀夺“爱”均瑶回击 爱建集团股权争斗一触即发,
http://www.yicai.com/news/5268819.html,黄思瑜,"因股价未曾到达理想价位，福成股份(600965.SH)实际控制人之一李福成的减持计划最终未予兑现。而这一个直截了当而又似存隐性信号的理由也引来市场诸多猜测。
李福成的减持计划是于去年9月19日公布，当时的减持底价定为13.58 元/股，而在减持计划期间，福成股份的股价曾最高涨至16.86元/股。以每股9元左右的成本价计算，李福成在减持计划期间的获利金额最大可达到2亿元左右。然而李福成并未有所心动。
对于此次公布的减持理由以及背后是否有其他原因，市场存有诸多猜测，比如，减持的理由似乎有向市场传递股价存上涨预期的信号，是否有沾染雄安概念推高股价预期。对此，福成股份内部人士回应称，李福成仅是反应自身的真实想法，该公司与雄安新区并无关联，也并不想往该概念上靠。
一位证券律师表示，虽然福成股份有向市场释放股价上涨预期的嫌疑，但并不好定性，股东表达对企业充满信心类的话也属正常。
4月17日晚间，福成股份的一份减持计划进展公告引起市场注意，重点在于那句不减持的理由。
根据公告内容，李福成原计划减持不超其所持公司股份总数的25%，但由于该公司股价未曾到达李福成的理想价位，故李福成尚未兑现减持计划。
福成股份是去年9月19日抛出李福成的减持计划，李福成因个人资金需求，拟通过大宗交易或集中竞价交易的方式进行减持，通过大宗交易减持需在今年3月23日之前完成，以集中竞价交易方式减持则需在今年4月18日之前完成。当时，李福成持有该公司1.28亿股，占总股本的15.65%;其中持有流通股1.1亿股，占总股本的13.49%。
事实上，当时李福成也给出了减持的底价，即不低于福成股份2016年9月19日收市后股票收盘价13.58 元/股。而在减持计划期间，福成股份的股价曾最高涨至16.86元/股。
“那会每股股价达到16元多的时候，他都不想卖，他都觉得低，后来股价下来了，他就一直也没有动静。”福成股份内部人士向第一财经表示。
而李福成持有福成股份的持股成本在9元左右。具体来看，2013年12月份，李福成通过定增认购福成股份1358.21万股，认购价格为5.96元/股，解禁期为2016年12月11日;2014年7月，因福成股份实施每10股转增3股方案，李福成持股增加至1765.67万股;2015年7月28日至2015年8月27日股灾期间，李福成累计增持 1000.677万股，平均持股价格为10.896元/股;2015年12月24日，李福成通过协议转让受让福成投资集团有限公司约1亿股流通股，受让价格为9.25 元/股。
如此看来，若以16元/股的价格来套现，李福成在减持计划期间的获利金额最大可达到2亿元左右。然而李福成并未有所心动。上述内部人士表示，他(李福成)应该是对企业继续看好，如果不减持的话，可能通过其他途径来筹集资金，他自己有别的投资需要钱。
对福成股份而言，上述减持计划曾让该公司股价有所波动。“当减持这个信息出来之后，股票上涨了一波行情，当时市场预期这么大的减持背后可能会有一个资金量很大的接盘方，存有一个想象空间，但涨到16元左右时还没减持动静，之后股价一直往下跌，减持又像一把利剑悬在头上。”上述内部人士描述当时的市场反应时表示。
如今这一减持计划到期并搁浅。福成股份公告称，目前，李福成因个人身体健康原因及为培养家族事业接班人，已辞去该公司董事职务。根据有关规定，李福成自2017年3月21日辞去公司董事职务后六个月内不转让其所持有的公司股份。
然而，市场对李福成公开的不减持理由以及是否背后还有其他原因存有诸多揣测。
“没减持的原因有可能是看好雄安新区概念对福成股份构成利好。”有投资者猜测，设立雄安新区的消息出来后，该股涨幅并不及其他雄安概念股，可能是想以此吸引市场的注意力。
根据二级市场盘面情况，在雄安新区的消息出来之后，涉及房地产、基建等方面的雄安概念股集体爆发，而福成股份清明节后首个交易日(4月5日)上涨逾5%，并未如其他概念股一样涨停，第二个交易日便下挫逾4%，第4和第5个交易拔高上涨后再一路下滑。截至4月18日，该股收报13.08元/股。
对此上述内部人士表示，该公司在雄安新区并没有土地，目前在那里也没有开展业务，“雄安新区跟我们应该是没什么直接关联”，公司也没有想往雄安新区概念股上靠。
据悉，4月11日下午，河北省金融办会同河北省证监局，约谈了全省52家上市企业主要负责人，提出稳定股价，严防不良炒作等要求，稳定资本市场，为雄安新区建设营造良好的金融生态环境。
也有市场人士认为，“股价未曾到达理想价位”这一不减持的理由似乎有向市场传递股价存上涨预期的信号，暗藏煽动投资者去买入之意，而目前监管层正在严打市场操纵行为。
“这不至于，那个减持理由是他(李福成)自己的一个真实想法。”上述内部人士表示，该公司发这个公告是因为减持期限到期了，必须要发公告，而且李福成也认为现在股价处于低位。
此外，有观点认为，可能是目前该公司在培养接班人，后续有打压股价计划，以让接班人低价增持，再拉高股价。但上述内部人士表示，这个不太现实，李福成家族持有福成股份超过60%，不可能会再从二级市场上增持股份。
对于李福成的减持理由，一位证券律师表示，虽有向市场释放股价上涨预期的嫌疑，但并不好定性，股东表达对企业充满信心类的话也属正常。
福成股份目前为畜牧养殖及屠宰、食品加工行业，餐饮服务行业，殡葬服务行业的多主业格局。该公司一季度业绩快报显示，营业收入为3亿元，同比下降11.73;净利润为2477.04万元，同比下降39.24%。
上述内部人士表示，未来公司的发展重心将慢慢倾向于殡葬服务业，前两个业务将会慢慢削弱化，因为殡葬业风险较小，预期收益、毛利率均较为稳定，而畜牧养殖和食品安全方面均存在不可控的风险。",李福成“嫌”福成股份股价不理想 放弃减持引来市场猜测,
http://www.yicai.com/news/5268828.html,江怡曼 尹婧霏,"炒作雄安概念股者众，可是如“最牛营业部”一般、套现25亿元则实属少见。
冀东水泥、京汉股份、荣盛发展、金隅股份——这些股票可谓本轮雄安概念股炒作中名气“如雷贯耳”的大龙头，而这些龙头股被一家叫做华泰证券北京西三环北路的营业部悉数捕获，并且在最近几个交易日内成功实现大手笔卖出套现，仅仅4月17日就顺利套现了15.42亿元，前后共计卖出雄安概念股套现25.21亿元。
4月18日，第一财经记者来到这家营业部实地探访，发现该营业部聚集了不少个人投资者。该营业部工作人员表示，上述这么大的交易量他们也很少看到。
从公开信息中可以看到，该营业部近期的“战果”还远不止雄安概念股。自3月份以来，该营业部就热衷于“炒地图”，除了雄安概念之外，还操作了粤港澳、一带一路概念的热门股，从走势来看，这些股票的股价都出现过大幅飙涨。
第一财经记者来到位于世纪华贸大厦A座的华泰证券北京西三环北路营业部时候，看到有不少个人投资者正在营业部内。该营业部一共有两层区域，一楼的面积仅有十余平方米，有客户经理正在为投资者办理证券账户的开户。三楼的营业厅则更为宽敞，以走廊为分界线分为两大办公区，一个办公区主要为股民办理融资融券等业务，另一大区域有几间大户室接待资金量在几千万元以上的大户。
“在我们营业部如此大手笔的交易也很少见，不然也不会上榜龙虎榜。”该营业部的一位客户经理告诉记者，一般个人投资者很少有这么大的资金量，一般的私募游资也很难做到这么大的量，总体来说，一家私募机构的日交易金额超过2亿元就算比较大的了。
但该客户经理并未向第一财经记者出示相关交易明细：“我们不能查阅相关账户的交易人和建仓时间等交易情况。”同时，该客户经理表示他们可为前来炒股的股民提供融资融券、民间配资等杠杆操作，从他了解到的情况来看，炒作雄安概念股的投资人如果想加杠杆，很少进行民间配资，往往是通过融资融券来进行操作。
4月17日，多只雄安概念股复牌，但是股价已经出现了明显分化，当天荣盛发展下跌了7.4%，冀东水泥下跌了4.48%，而京汉股份依旧上涨了7.39%，金隅股份继续涨停，但已非“一字涨停”那么坚决。
而这几只雄安概念股都和这家华泰证券北京西三环北路营业部有着关联，4月17日，该营业部在京汉股份上的净卖出金额为60178.11万元，占总成交的比例为9.93%，排在卖出席位的第一位。
该营业部4月17日还卖出冀东水泥34050.12万元，卖出金隅股份61078.14万元，上述三笔交易当天合计净卖出了15.42亿元。再加上该营业部之前几个交易日在荣盛发展上的多笔卖出，该营业部合计卖出雄安概念股套现25.21亿元。
在该营业部撤退后的第二个交易日，也就是在4月18日，无论是京汉股份、冀东水泥还是金隅股份，股价表现不振，分别出现了跌停，下跌8.28%和下跌4.74%，该资金的逃离可谓相当精准。
从4月7日至4月11日，雄安概念股炒作正处在热火朝天的时候，该营业部不停操作荣盛发展，从4月7日、4月10日、4月11日，分别净卖出了荣盛发展49364.46万元、24302.69万元、24264.74万元，合计卖出了9.79亿元。
上述客户经理表示：“资金应该是很早就开始一点点建仓买进雄安概念股，否则若是提前几日大幅买进相关股份，这样的大手笔也应该会出现在龙虎榜中。主力资金出逃冀东水泥、京汉股份和金隅股份，这或与前几日强监管密切相关。”
“从这个营业部的操作路线可以有一个大致推测，从4月7日之后的几个交易日之内，这个营业部主要是操作了荣盛发展，好几笔都还是涨停卖出，卖得有点早，之后又买进去冀东水泥、京汉发展等几只股票，但在雄安概念股风险转变之后就马上卖出，非常果断。”上海市某资深市场人士表示，至于为何会如此精准把握住雄安概念龙头股的原因，就不得而知了。
记者了解到，该营业部上榜龙虎榜的次数总体不多，除了上榜雄安概念股炒作之外，还在4月12日操作过粤高速A，当天合计净买入692.41万元，就在这一天粤高速A因为突然崛起的粤港澳概念而出现涨停。
事实上，这一资金量与其在雄安概念股上的投入相比可谓“小试牛刀”，可见该资金对于雄安概念更加认可。
此外，该营业部还在3月22日操作过西部建设，当天的卖出净额为1642.21万元。这一天，西部建设的股价同样出现涨停，涨停卖出已经成为该资金出货的惯用手法。
西部建设近期的股价也出现了大幅度的上涨，股价上涨主要还是因为其具有“一带一路”概念，而这一概念和雄安以及粤港高概念一样，同样都是属于目前A股市场上相当火热的“炒地图”。
而和3月份以来明显的“炒地图”操作路线不同的，早在之前该营业部还买入过汇纳科技、东北制药、顺发恒业等股票，相对来说，那个时候还并没有统一的风格。",炒作雄安股套现25亿元  “最牛营业部”操作路线曝光,
http://www.yicai.com/news/5268807.html,2017-04-18 21:37,"4月18日消息，英国突然宣布提前举行大选叠加高盛公布的糟糕的财报以及日趋紧张的朝鲜半岛局势，美股三大股开盘走低。标普500指数低开8.84点，跌幅0.38%，报2340.17点。 道琼斯工业平均指数低开89.81点，跌幅0.44%，报20547.11点。 纳斯达克综合指数低开19.78点，跌幅0.34%，报5837.01点。
消息面上，英国突然要提前举行大选，欧股全线走低， 英国富时100指数跌幅进一步扩大至2%，创去年6月英国公投脱欧以来最大跌幅。 英镑兑美元突破1.27关口，创四个月新高。
英国首相May称，议会当前存在分裂，更晚选举可能导致英国退欧谈判受到阻碍，自己最近才不情愿地选择举行选举。她称，将在周三向议会提出6月8日举行选举的动议。
美国副总统彭斯表示，将与盟国协作对朝鲜施加经济与外交上的压力。今天对于美日经济关系而言开启了全新的时代。美日两国均可拥有促进经济增长的货币政策与预算政策。
特朗普今天将签署新移民签证令，特朗普新的移民签证令将提高对外籍技术工人的要求，要求联邦政府部门进行改革，确保H-1B签证授予了技能、薪酬最高的申请人。
美国财政部长史蒂文.姆努钦表示，由于美国国会共和党废除“奥巴马医改”的努力遭遇重挫，特朗普政府的税改时间表或将有所推迟。
公司消息方面，苹果最快准备秋季推出3款iPhone.苹果计划升级现有的两款iPhone，并准备推出一款外观作出大幅调整的新iPhone。另外，苹果公司可能于5月份开始生产两款新iMac。
58同城网公布从腾讯控股融资2亿美元的协议，该融资将投资于转转APP。
Cardinal Health股价盘前跌幅近17%，稍早公司宣布将61亿美元现金收购Medtronic旗下病患监测与看护业务。
高盛一季度EPS 5.15美元;一季度交易业务营收33.6亿美元，预期36.2亿美元;一季度固收业务营收16.9亿美元，预期20.3亿美元;一季度投行业务营收17亿美元，预期15.6亿美元。盘前跌近3%。",英国突然提前举行大选 美股三大股指开盘低迷,
http://www.yicai.com/news/5268815.html,张苑柯,"北京时间4月18日，巴菲特旗下伯克希尔哈撒韦(Berkshire Hathaway)的子公司之一，总部位于加州尔湾(Irvine)的伯克希尔哈撒韦地产服务(Berkshire Hathaway HomeServices，下称“HomeServices”)宣布与居外网达成协议。据HomeServices公告，公司已将其代理的住房广告同步至居外网页面。
居外网中国区总经理葛奕婕对第一财经记者表示，“此次与HomeServices的合作，使后者多达14万条美国住宅房源能够在居外网上向中国及世界华人买家以中文呈现，将可以更好地满足中国消费者的需求，并增进买家的知情选择权”。
根伯克希尔哈撒韦的最新年报，HomeServices旗下共有38家不动产公司，拥有超过29000名经纪人，超过375家加盟商。作为能源业务附属子公司的Berkshire Hathaway HomeServices贡献利润攀升22%至1.27亿美元。然而，巴菲特在2013年曾表示，伯克希尔哈撒韦在2000年购买这项能源业务时，他表示“甚至都没注意到HomeServices，后者当时只拥有少数几家房地产经纪公司。”
总部位于上海和香港的居外网，在英国、美国、加拿大和澳大利亚亦设有区域分支机构。据官方数据，居外网作为全球最大中文国际地产门户网站，展示了来自 89个国家的 250 万套房源，每月来自中国和世界各地的访客数量超过200万人次，此次与HomeServices达成协议后，两家公司将共享居外网的客源。
记者从内部人士出获悉，不同于其他房产公司，HomeServices将以各地区分公司为单位，逐一独立出现在居外网的美国房产中介页面中，昨日位于亚特兰大的分公司(Berkshire Hathaway Home Services Georgia Properties)已经率先入驻，最终全部房源数预计将达14万条。
除HomeServices之外，专注为中国及世界华人买家提供海外房源的居外网，4月份还有几家重要联盟。四月初，居外网与香港新兴的房源网站okay.com建立策略联盟，目前已有超过700套的香港房源在居外网上线。
同月，居外网与世界上最大的国际房地产经纪公司瑞麦地产(RE/MAX)澳大利亚公司及瑞麦地产新西兰公司签订了更新的合作协约，两家公司的海量英文房源将继续自动上载到居外网，且两家公司经纪人可独立上传中文的房源信息。“腾讯居外海外房产频道也正式启动。近期会有来自65个国家的13万条房源信息向腾讯网的用户呈现。下一步，传播渠道将可望扩大至微信。”葛奕婕称。
“中国已经超越来自其他国家的客户，成为除了美国本土居民以外的美国地产最大买家，”HomeServices公司首席执行官吉诺布莱法利(Gino Blefari)在公告中表示。
根据居外网数据，美国是历年来中国买家最感兴趣的购房目标地，在 2010年至2015年间，中国买家购买的美国房地产总值至少达到3500亿美元。“2016 年至 2020 年，中国买家将在美国现房市场中投入至少2180亿美元，在世界其他各地的投资也将具同样幅度。” 葛奕婕进一步表示。
居外网现已基本囊括了海外主要购房市场主流房地产公司的房源，中国买家可以在中国网站环境中获取中文的海外房源信息，经纪人联系方式、以及海外购房指南等。第一财经记者从居外网内部人士出获悉，公司计划于未来12个月内在澳大利亚股票交易所(ASX)上市。
中国买家赴美购置住房的热情近年来居高不下。根据美国房地产经纪人协会(下称“NAR”)公布的数据，2014-2015年中国买家在美国房产市场的购房数量位居国际买家首位。美国最大的地产平台Zillow数据亦显示，2016年全美房价上涨了4.8%，2017房价将继续上涨3.6%。
2016年7月NAR发布的报告显示，包括中国大陆、台湾和香港在内的中国买家，已经连续第二年成为美国住宅房地产最大的买家。2015年4月到2016年3月期间，海外购房者在美国购置的住宅房产总价值高达1026亿美元，其中中国买家购置的物业多达29195处，总价值近273亿美元，占海外购房总价的26.7%，远超位居第二的加拿大买家购置房产总额(89亿美元)。
数据来源：《美国房地产经纪人协会2016国际住房购买行动报告》
值得注意的是，海外买家在购置美国房产时，更青睐于相对高价的房产。NAR报告显示，2016年海外买家购置美国房产的成交均价为47.75万美元，远超出美国房屋的成交均价26.67万美元。其中，有10%的非本土买家购置超过100万美元的房产。
数据来源：《美国房地产经纪人协会2016国际住房购买行动报告》
2017年购房贷款将进一步放松，使得更多的人能够达到购房门槛。美国地产网站Redfin认为，2017年房利美、房地美将提高贷款的封顶额度，让买家能利用更多杠杆，买到价格更高的房屋。
然而，市场有观点认为，美联储的加息预期使得抵押贷款利率攀升，或许会影响购房需求。美国经济学家凯勒·威廉姆斯(Keller Williams)表示，今年的贷款利率可能会缓慢上升，除非经济形势发生变化，但目前美国房价从历史价位来看，仍属于可负担范围。
今年2月，居外网的海外房源访问量继续上升，其中是新兴的海外房市场如泰国和马来西亚，录得89.3%和69.4%的同比增长率。对传统的海外购房目标国加拿大、美国和英国，房源访问上涨分别为47.2% 42.4%和 32.5。中国人海外购房脚步不仅没有放缓，反而加快了。
葛奕婕亦表示，2017年中国人海外购房有三个大趋势。趋势一，是购房预算调低：100万与500万美元间的房源最受关注。居外数据显示20.7%的中国买家去年咨询的房产在1-5百万美元之间。
趋势二，中国买家将力争海外银行贷款。“虽然美国房的中国买家中有71%的人去年是全额付款，根据美国某些房地产公司的资料，今年以来，50%的中国买家利用了美国的银行贷款，而美国银行在这方面也作出了快速响应，推出了一些举措吸引外国的购房买家。”
趋势三，虽然中国居民现在按规定不能以购房为目的来换汇，但是留学、旅游和海外医疗依然没有受到限制，而这些海外消费最终也会促进中国人对海外房的需求。葛奕婕进一步解释，中国的海外房产买家中有52%在寻找学区房，而8%的中国富裕人群有意送子女出国读书。海外医疗旅游更是方兴未艾，2015年，中国人在这方面的花费达到100亿美元，中国人同时也在医疗保健热门国家如美国、加拿大、日本、泰国和新加坡寻找相关物业。",“股神”巴菲特看好美国房市 中国客户成最大买家,
http://www.yicai.com/news/5268700.html,2017-04-18 19:32,"4月18日消息，中国联通晚间公告，公司控股股东联通集团拟以公司为平台，筹划并推进开展与混改相关的重大事项。目前，此次重大事项正在向有关政府部门咨询意见。公司拟通过非公开发行股份等方式引入战略投资者，但具体实施方案涉及多个政府主管部门的事前审批程序，还存在不确定性。公司股票继续停牌。
公告称，因中国联合网络通信股份有限公司控股股东中国联合网络通信集团有限公司拟以本公司为平台，筹划并推进开展与混合所有制改革相关的重大事项，本公司股票已于2017年4月5日起停牌。
截至本公告发布之日，本次重大事项正在向有关政府部门咨询意见。本公司拟通过非公开发行股份等方式引入战略投资者，但具体的实施方案涉及多个政府主管部门的事前审批程序，还存在不确定性。为保证公平信息披露，维护投资者利益，避免造成公司股价异常波动，经公司申请，公司股票自2017年4月19日起继续停牌。公司将尽快确定相关交易实施方案，并在本次股票停牌之日起的5个交易日内（含停牌当日）公告项目进展并明确停复牌情况。",中国联通：拟通过定增引入战投 正向政府部门咨询意见,
http://www.yicai.com/news/5268782.html,2017-04-18 21:11,"4月18日消息，国内期货市场夜盘开盘，黑色系领跌，螺纹钢、热轧卷板、铁矿石分别低开1.7%、1.3%、2.5%; 焦炭、焦煤分别低开2.2%、1.6%。动力煤平开。
对于铁矿石价格的弱势行情，有业内人士透露，少数小型贸易商资金成本压力加大，有低价抛售自身现货资源的操作，拖累现货价格出现断崖式下跌。
方正中期期货指出，由于前期采购粉矿成本过高，为降低原料成本提高利润，钢厂近期对低价资源采购量增加，不过下游成材出货未出现好转，价格继续大幅下跌，因此黑色系陷入恐慌抛售阶段。展望后市，方正中期期货认为，3月钢材出口降24.2%，而矿石进口量增11.4%，地产调控升级，汽车产销疲软，铁矿供需两弱，长期下行趋势难以缓解。铁矿石期货1709合约承压5日均线回落，短期下行趋势得以缓解，但上涨动力不足，操作上维持逢高沽空思路。
消息面上，郑商所18日公布，对2017年保险+期货服务三农试点建设工作予以支持，试点品种为棉花及白糖，试点区域为品种主产区。对于符合条件的贫困地区试点及获得政府补贴支持的试点，郑商所将予以优先立项。在做好风险防范工作的前提下，棉花及白糖试点现货规模应分别不低于1000吨及3000吨。试点项目承保周期应处于农作物市场年度内，且不低于3个月。试点结项日期为2018年3月31日。
同时据彭博引述知情人士透露，上海国际能源交易中心(INE)在会上对交易员和经纪机构表示，中国石油期货合约最早或在7月份准备就绪。
知情人士表示，INE说交易规定预计很快会获得中央政府批准。
上海国际能源交易中心是上海期货交易所的附属公司;INE石油期货合约原定于2015年底启动。上海期货交易在回答提问的电子邮件中表示，目前还没有上市时间表，INE正在按要求准备挂牌交易石油期货。",期货夜盘丨大宗商品普遍飘绿 黑色系领跌,
http://www.yicai.com/news/5268679.html,2017-04-18 18:53,"4月18日晚间，沪深两市多家上市公司发布公告，以下是重要公告摘要，供投资者参考：
2017年4月14日，*ST匹凸接到控股股东上海五牛股权投资基金管理有限公司通知，五牛基金及其一致行动人通过交易系统增持了公司部分股票。目前，券商正在准备《收购报告书》等相关材料，公司股票自2017年4月19日开市起停牌，待披露《收购报告书》等材料后复牌。
嘉寓股份发布股价波动风险提示公告称，公司未在雄安新区雄县、容城、安新三县设立实体法人机构，在三县范围无在建项目，未参与三县范围内项目的招标，设立区域总部不意味公司可以获得当地项目，仅属于公司内职能调整。拟设立研发中心仅属于投资意向，不意味公司能够获得有关部门批准，新区规划对公司短期业绩没有实质性影响。公司拟设立的区域总部、研发中心，未来经营业绩、发展空间均存在较大不确定性。
幸福蓝海与IMAX公司签署合作协议，公司与IMAX公司约定，将在2021年12月15日之前新增租赁40套IMAX影院系统。协议的签署将使公司成为IMAX全球第五大以及亚太地区第三大院线合作伙伴，有助于公司院线的市场份额的快速提升。
华夏幸福公告，公司与华为签署《战略合作协议》，双方将在全球范围内就华夏幸福开发承建的产业新城、产业小镇、城市综合体、公司办公信息化建设等方面进行全方位合作，共同推动公司产业新城范围内智慧城市、智慧园区、智慧楼宇等业务的发展。
*ST昌九公告，受航美传媒集团股东的委托，京都律师事务所向*ST昌九发来律师函。此前，航美传媒集团及其全资子公司，拟收购*ST昌控股股东昌九集团100%股权。但上述律师函显示，航美传媒集团存在伪造董事会及股东会决议、曾因犯罪被罚、私自签署交易合同等问题，因此上述交易不符合相关规定，上述委托人要求停止交易。对此，*ST昌九表示已委托法律顾问进行核实。
民生银行晚间公告，近日，本公司发现北京分行航天桥支行行长张颖有涉嫌违法行为，立即向公安部门报案。目前，张颖正在接受公安部门调查,本公司已成立工作组，积极协助公安部门侦办。针对媒体报道的涉案金额及具体案情正在调查过程中，本公司力争尽快查明事实。
新华网2016年度分配预案为：每10股送红股10股，转增5股。公司回复上交所高送转事项问询函称，经过五年的发展和积累，净利润由1.31亿元增长至2.80亿元，分别增长 977.17%、389.57%、113.74%，结合公司未来发展规划，公司认为具备再次扩充股本条件，具有实施送转方案的条件。通过扩大股本，有利于改善新华网股本结构，有利于增强公司股份流动性，有利于增强新华网行业竞争力，有利于公司做大做强做优，更好地回馈投资者。股票4月19日开市起复牌。
广州港公告，公司股票4月17日、4月18日连续2个交易日内收盘价格涨幅偏离值累计超过20%, 属于股票交易异常波动的情形。 经公司自查，并书面问询公司控股股东及实际控制人，截至本公告披露日，确认不存在应披露而未披露的重大事项或重要信息。
圣莱达于2017年4月18日接到中国证券监督管理委员会《调查通知书》，因公司涉嫌信息披露违法违规，中国证监会决定对公司立案调查。公司股票存在被实施退市风险警示及暂停上市风险。
嘉凯城公告，公司拟9.2亿元收购控股子公司武汉巴登城剩余49%股权，以实现对武汉巴登城项目全资控股。审计报告显示，截至2016年底，武汉巴登城总资产36.66亿元，净资产8032.36万元。不过，嘉凯城此前披露的2016年年报显示，上述两项数据分别为41.41亿元、5.56亿元，与今日公告均相差约4.75亿元。两份报告由不同的会计师事务所出具。
东方锆业公告称，公司氯氧化锆产品在2016年10月份、2017年2月份共上调出厂价1500元/吨的基础上继续上调出厂价，本次出厂价的提价幅度为10-15%；公司二氧化锆产品在2016年10月份、2017年2月份共上调出厂价4000元/吨的继续上调出厂价，本次出厂价的提价幅度为10-15%。
陕西金叶拟筹划涉及重大投资及签订重大合同的重大事项。鉴于上述事项存在不确定性，经公司申请，公司股票自2017年4月18日起停牌。 
科大讯飞与中国医学科学院北京协和医学院在北京签署战略合作框架协议，双方将在共建“医学人工智能联合研究中心”、共同推动智能语音及人工智能在医疗教育中的应用并探索人才培养新模式、共同推进人工智能研究成果在医疗方面的应用等方面战略合作。 ​​​​
目
太极实业控股子公司信息产业电子第十一设计研究院科技工程股份有限公司于近日收到《中标通知书》，确认十一科技为上海和辉光电有限公司第6代AMOLED显示项目工艺机电系统EPC/TURNKEY责任一体化中标单位，中标金21.6亿元。
众兴菌业公告，鉴于目前再融资监管政策的变化，公司综合考虑内外部各种因素，经与各中介机构认真研究与论证，决定终止2016年非公开发行A股股票事项。
长城影视拟以12.30元/股发行8783万股股份，并支付现金2.6975亿元，合计作价13.50亿元购买乐意传媒、韩伟及蒋文丽等持有的北京首映时代文化传媒有限责任公司100%股权，以12.30元/股发行22154467股份，并支付现金2.725亿元，合计作价5.45亿元购买鲍春雷、童黎明等持有的浙江德纳影业股份有限公司100%股权。同时，公司拟募集配套资金不超5.63亿元。
共达电声回复问询函，公司因*ST鲁丰实控人于荣强拟5亿收购公司控股股东潍坊高科100%股权，致实控人变更一事遭问询。据回复，于荣强拟以其向中国宏桥转让*ST鲁丰股份所获资金，支付股权转让款。如转让*ST鲁丰股份事项终止，则将质押所持全部*ST鲁丰股份进行融资。中国宏桥今早公告，子公司终止认购鲁丰增发股份，未提及与于荣强的股权转让交易。
中国联通晚间公告，公司控股股东联通集团拟以公司为平台，筹划并推进开展与混改相关的重大事项。目前，此次重大事项正在向有关政府部门咨询意见。公司拟通过非公开发行股份等方式引入战略投资者，但具体实施方案涉及多个政府主管部门的事前审批程序，还存在不确定性。公司股票继续停牌。
天威视讯与深圳前海天和文化产业基金管理有限公司管理的基金共同以现金收购璧合科技股份有限公司约80%股份，其中公司收购璧合科技不低于51%的股份。璧合科技的全部股份预估值为人民币13.2亿元。深圳前海天和文化产业基金管理有限公司是公司控股股东、实际控制人深圳广播电影电视集团通过全资子公司间接控制的法人。公司股票4月19日起复牌。
南方轴承实际控制人史建伟筹划重大事项，初步方案包括转让无限售标的股份和表决权委托有限售标的股份，将涉及控股权变更。由于本次控股权拟接收方广州国发文投股权投资基金管理中心（有限合伙）聘请的相关中介机构就公司尽职调查、审计等工作尚未完成，交易双方就控股权转让方案尚需进一步协商、完善和论证，公司股票4月19日起复牌。
龙净环保公告称，公司第一大股东东正投资100%的股权将转让给阳光集团。若股权转让实施完成，公司实控人将变更。股权转让价款在36-38亿元之间（以20元/股计算东正投资持有的龙净环保17.17%股份的价款，加上东正投资其他资产的净资产价值之和确定）。龙净环保目前股价12.77元/股，转让价较目前市价溢价56.6%。阳光集团为阳光城控股股东，实控人为吴洁
快乐购确认筹划的重大事项达到重大资产重组的标准。公司拟通过发行股份购买资产并募集配套资金方式收购公司实际控制人旗下的新媒体，及有利于实现产业协同的相关资产。具体交易方案正在进一步洽谈、沟通当中。公司股票4月19日起转入重大资产重组继续停牌。 ​​​​
华录百纳正在筹划收购资产事项，鉴于该事项尚存在重大不确定性，经公司向深圳证券交易所申请，公司股票已于2017年4月18日下午开市起停牌，预计停牌时间不超过10个交易日。 ​​​​
江苏国信拟向不超10名特定投资者非公开发行不超6.51亿股股份，募集资金不超40亿元，募资将用于增资江苏信托，增资完成后，上市公司持有江苏信托的股权比例保持不变，仍为81.49%。本次发行的定价基准日为本次发行的发行期首日。 ​​​​
王子新材与标的公司主要股东就标的公司估值、配套募集资金金额等事项进行了多次沟通和协商，但标的公司未切实配合上市公司及其聘请的中介机构开展尽职调查工作，导致本次重组的项目进度一再延迟，目前已不具备按期完成的可行性。公司拟终止本次重大资产重组事项。公司股票4月19日起复牌。
步森股份公告称，公司拟筹划重大事项，涉及购买资产，预计本次交易可能达到需提交公司股东大会审议的标准。鉴于该事项尚存在重大不确定性，为了保证公平信息披露，维护广大投资者利益，避免造成公司股价异常波动，根据深圳证券交易所的相关规定及《中小企业板信息披露业务备忘录第14号：上市公司停复牌业务》等有关规定，经公司向深圳证券交易所申请，公司股票自2017年4月19日（星期三）开市起停牌。预计停牌不超过10个交易日。
广汇物流发布2017年一季报，公司2017年1-3月实现营业收入1.29亿元，同比增长29.55%，物流行业营业平均收入增长率为165.45%；归属于上市公司股东的净利润6242.79万元，同比增长24.78%，物流行业平均净利润增长率为120.45%。
新华制药发布2017年一季报，公司2017年1-3月实现营业收入12.95亿元，同比增长28.91%，化学制药行业营业平均收入增长率为13.41%；归属于上市公司股东的净利润5155.04万元，同比增长153.98%，化学制药行业平均净利润增长率为32.65%。
方正证券披露2017年一季度业绩快报。公司2017年一季度实现营业收入132,452.38万元，同比下降31.19%；实现归属于上市公司股东的净利润40,482.91万元，同比下降52.24%；基本每股收益0.05元/股。
熊猫金控发布2017年一季报，公司2017年1-3月实现营业收入1.08亿元，同比增长28.14%，家用轻工行业营业平均收入增长率为11.72%；归属于上市公司股东的净利润962.13万元，同比增长1341.91%，家用轻工行业平均净利润增长率为36.73%。
开元仪器发布2017年一季报，公司2017年1-3月实现营业收入8574.12万元，同比增长27.34%，仪器仪表行业营业平均收入增长率为9.06%；归属于上市公司股东的净利润1261.38万元，同比增长429.63%，仪器仪表行业平均净利润增长率为8.48%。
力源信息发布2017年一季报，公司2017年1-3月实现营业收入9.49亿元，同比增长233.1%，其他电子行业营业平均收入增长率为30.60%；归属于上市公司股东的净利润4052.84万元，同比增长432.05%，其他电子行业平均净利润增长率为26.67%。
新华制药发布2017年一季报，公司2017年1-3月实现营业收入12.95亿元，同比增长28.91%，化学制药行业营业平均收入增长率为13.41%；归属于上市公司股东的净利润5155.04万元，同比增长153.98%，化学制药行业平均净利润增长率为32.65%。
新城控股发布2017年一季报，公司2017年1-3月实现营业收入20.37亿元，同比增长77.95%，房地产开发行业营业平均收入增长率为28.57%；归属于上市公司股东的净利润4227.15万元，同比增长121.82%，房地产开发行业平均净利润增长率为24.04%
中航高科发布2017年一季报，公司2017年1-3月实现营业收入7.23亿元，同比增长163.87%，国防军工行业营业平均收入增长率为26.65%；归属于上市公司股东的净利润6546.38万元，同比增长685.97%，国防军工行业平均净利润增长率为1.84%。
宝通科技发布2017年一季报，公司2017年1-3月实现营业收入3.70亿元，同比增长70.49%，通信服务行业营业平均收入增长率为0.31%；归属于上市公司股东的净利润3650.55万元，同比增长75.97%，通信服务行业平均净利润增长率为-36.70%。
飞亚达A发布2017年一季报，公司2017年1-3月实现营业收入8.17亿元，同比增长11.47%，家用轻工行业营业平均收入增长率为11.72%；归属于上市公司股东的净利润4531.90万元，同比增长66.3%，家用轻工行业平均净利润增长率为36.73%。
凯乐科技发布2016年年度报告，公司全年实现营业收入842068万元，比上年同期323011万元增加160.69%。2016年公司实现利润总额27218万元，其中归属于母公司所有者的净利润18223万元，比上年同期11961万元，增加52.35%，扣除非经常性损益后的净利润17288万元，比上年同期7942万元，增加117.7%。
杭州银行发布2016年年报，公司2016年1-12月实现实现营业收入137.33亿元，比2015年增长10.71%；实现归属于母公司股东的净利润40.21亿元，比2015年增长8.54%。 同时，公司拟10转4股派3元。
国药一致发布2016年年报，公司2016年1-12月实现营业收入412.48亿元，同比增长9.07%，医药商业行业营业平均收入增长率为16.29%；归属于上市公司股东的净利润11.87亿元，同比增长27.92%，医药商业行业平均净利润增长率为24.53%。
石英股份发布2016年年度报告，实现营收4.47亿元，同比增长9.26%；净利8093.75万元，同比增长12.03%。公司拟每10股转增5股分配现金红利1元（含税）。 
全新好发布2016年年度报告，营业收入3886.04万元，同比减少60.73%；归属于上市公司股东的净利润7801.90万元，同比增长457.43%；归属于上市公司股东的扣除非经常性损益的净利润亏损1554.01万元；基本每股收益0.54元；加权平均净资产收益率10.21%。公司拟每10股转增5股。
粤传媒发布2016年年报，公司2016年1-12月实现营业总收入102082.96万元，同比下降20.61%；营业利润-15966.23万元，同比下降318.07%；归属于母公司所有者的净利润18953.67万元，同比增长451.58%。
中原环保发布2016年年报，公司2016年1-12月实现营业收入9.37亿元，同比增长51.53%，燃气水务行业营业平均收入增长率为16.81%；归属于上市公司股东的净利润2.98亿元，同比增长773.52%，燃气水务行业平均净利润增长率为0.23%。
合康新能发布2016年年报，公司2016年1-12月实现营业收入14.17亿元，同比增长75.52%，电气设备行业营业平均收入增长率为10.06%；归属于上市公司股东的净利润1.79亿元，同比增长244.64%，电气设备行业平均净利润增长率为26.48%。
千山药机发布2016年年报，公司2016年1-12月实现营业收入7.64亿元，同比增长39.97%，医疗器械服务行业营业平均收入增长率为37.16%；归属于上市公司股东的净利润2.06亿元，同比增长244.33%，医疗器械服务行业平均净利润增长率为39.60%。
南洋科技发布2016年年报，公司2016年1-12月实现营业收入12.14亿元，同比增长31.45%，半导体及元件行业营业平均收入增长率为41.91%；归属于上市公司股东的净利润1.23亿元，同比增长22.68%，半导体及元件行业平均净利润增长率为42.94%。
泸州老窖发布2016年年报，公司2016年1-12月实现营业收入83.04亿元，同比增长20.34%，饮料制造行业营业平均收入增长率为13.46%；归属于上市公司股东的净利润19.28亿元，同比增长30.89%，饮料制造行业平均净利润增长率为5.95%。
开山股份发布2016年年度报告，实现营收17.28亿元，同比增长5.47%；净利9945.57万元，同比下降43.48%；每股收益0.12元。公司拟10派1.5元（含税）。因监管政策要求、资本市场环境等发生了重大变化，公司拟终止2016年非公开发行股票事项。
紫金矿业晚间披露一季度业绩预告，预计一季度实现净利润约10亿元，比去年同期增加1400%至1500%。一季度，金属价格同比上涨，公司矿产铜、矿产锌产销量同比提升，非经常性收益较大增加。
中材科技发布业绩预告，公司预计2017年1-6月归属上市公司股东的净利润2.73亿至3.54亿，同比变动0.00%至30.00%。化工新材料行业平均净利润增长率为79.88%。
中顺洁柔发布业绩预告，公司预计2017年1-6月归属上市公司股东的净利润1.48亿至1.80亿，同比变动40.00%至70.00%。造纸行业平均净利润增长率为58.67%。
宁波韵升发布业绩预告，公司预计2017年1-3月归属上市公司股东的净利润7600.00万至8100.00万，同比变动-87.00%。新材料行业平均净利润增长率为22.47%。
万里股份发布业绩预告，公司预计2016年1-12月归属上市公司股东的净利润亏损4200.00万，同比下降111.99%。电气设备行业平均净利润增长率为26.48%。
天银机电公告称，本公司2016年度权益分派方案为：以公司现有总股本32853.10万股为基数，向全体股东每10股派发现金2.00元；同时，向全体股东每10股转增3股。本次权益分派股权登记日为：2017年4月24日，除权除息日为：2017年4月25日。
天沃科技晚间公告，控股股东陈玉忠自2017年3月22日至3月28日，陈玉忠先生通过深圳证券交易所大宗交易系统共减持公司4483万股，占公司总股本的6.09%。减持计划已经执行完毕，实际减持数量未超出减持计划。
新湖中宝接到公司实际控制人黄伟先生通知，2017年3月9日至4月18日，黄伟先生通过上海证券交易所集中竞价系统累计增持公司股份429,967,233股，占公司总股本的5%。截至目前，在新湖中宝拥有权益的股份比例为57.09%。
福星集团计划自 2016年10月24日起，在未来八个月内，拟通过深圳证券交易所证券交易系统允许的方式(包括但不限于集中竞价和大宗交易等)增持福星股份股票，增持数量4700万股左右。同时，福星集团承诺自增持计划完成之日起六个月内，不减持福星股份股票。
银泰资源公告，公司股东侯仁峰于2月14日至4月18日通过深圳证券交易所大宗交易系统减持公司无限售流通股35,745,400股，占公司总股本的3.3%。",晚间公告丨干货！今日晚间重要公告速读（更新中）,
http://www.yicai.com/news/5268692.html,2017-04-18 19:01,"4月18日消息， 新华网昨日拟10送10转5遭上交所火速问询后，今日发布晚间公告回复称，经过五年的发展和积累，净利润由1.31亿元增长至2.80亿元，分别增长 977.17%、389.57%、113.74%，结合公司未来发展规划，公司认为具备再次扩充股本条件，新华网具有实施送转方案的条件。通过扩大股本，有利于改善新华网股本结构，有利于增强公司股份流动性，有利于增强新华网行业竞争力，有利于公司做大做强做优，更好地回馈投资者。股票4月19日开市起复牌。
昨日新华网公布2016年年报，公司实现营业收入13.61亿元，同比增长36.47%；实现净利润2.80亿元，同比增6.78%。公司拟10送10转5，收到交易所问询函，需补充说明此次大比例送转是否与公司经营业绩的增速相匹配，是否有利于公司的长远发展，并充分提示风险。为避免造成公司股价异常波动，经公司申请，公司股票自2017年4月18日起停牌。
就以上问题，今日回复公告称，公司自2011年变更设立股份公司至今，仅实施过一次资本公积转增股本方案，即2012年4月向公司全体股东每10股转增6.3股，转增完成后注册资本增加至15,570.88万元。经过五年的发展和积累，净利润由1.31亿元增长至2.80亿元，分别增长 977.17%、389.57%、113.74%，结合公司未来发展规划，公司认为具备再次扩充股本条件。 
同时目前新华网流通盘仅5190万股，  总股本2.08亿股，与同业上市公司相比规模偏小。通过扩大股本，有利于改善  新华网股本结构，有利于增强公司股份流动性，有利于增强新华网行业竞争力， 有利于公司做大做强做优，更好地回馈投资者。
公告还回复称，公司持股 5%以上股东为新华通讯社，新华通讯社为公司控股股东、实际控制人，新华通讯社及其一致行动人中国经济信息社、中国新闻发展深圳有限公司持有的新华网股票限售期为36个月，上市流通日期为2019年10月28日，未来六个月不存在限售期即将届满的情况，也不存在减持计划。",新华网回复上交所：具有实施送转方案的条件 明日复牌,
http://www.yicai.com/news/5268676.html,赵星巍,"阳光私募一季度成绩单日前出炉。第一财经记者统计发现，在股票、期货、债券等大类资产行情分化的背景下，阳光私募八大策略的业绩表现不一而同。
主要市场上，一季度A股市场在震荡中缓慢上行，上证综指和深证成指一季度上涨2.76%和1.62%，创业板指则下跌2.85%。债券市场方面，由于3月临近季末银行MPA考核，资金面相对紧张，在金融去杠杆的大背景下，债券收益率持续震荡调整，但跌幅较2016年四季度有明显收缩。
另外值得注意的是，去年强势惹眼的商品期货市场在经历1月的强势期和2月的震荡调整后开始大面积回撤，黑色系更是跌跌不休。截至4月18日收盘，铁矿石创近五个月新低。去年频繁上演高收益神话的期货私募再无往日风光，平均业绩垫底一季度八大策略。
与期货私募形成鲜明对比的是，受益于期指松绑带来的流动性改善，期指套利策略在个股行情分化，期指市场套利策略增多的情况下，摘得阳光私募一季度的业绩冠军。
回顾2016年，受制于期指受限以及贴水幅度较大等因素，套利策略和阿尔法策略表现长期低迷。对于市场中的大多数阿尔法策略基金来说，若不增加其它新策略如套利、CTA、股票多头等，较难获取正收益。
而随着股指期货松绑措施在2月16日晚间的“靴子落地”，以期指为主要交易标的的套利策略在2017年一季度打了一个翻身仗。格上理财统计数据显示，2017年一季度，套利策略平均收益为2.42%，位列私募八大策略收益之首。
据记者了解，期指套利策略可细分为期现套利、日内高频、不同期指合约之间的跨期套利等，期指市场的流动性是套利策略的收益高低的重要决定因素。
2月16日晚间，中国金融期货交易所(下称“中金所”)公告，对三大股指期货品种的异常交易手数认定、交易保证金、平今仓交易手续费进行了全面调整，自2月17日起开始实施。此番调整被视为股指期货市场逐步回归常态的破冰一步。
第一财经记者统计发现，期指松绑两个月来，中证500(IC)、沪深300(IF)、上证50(IH)三大股指期货的成交量和持仓量均有了明显提升，市场流动性有了一定程度上的改善。
(图：三大期指成交量&持仓量对比，数据来源：中金所)
以4月18日和松绑前一天，2月16日的交易数据进行对比，IC、IF、IH的成交量分别增加了28.34%、52.07%、33.91%。持仓量方面，IC、IF、IH分别增加了20.86%%、31.16%、10.87%。
值得注意的是，同以股指期货为交易标的，阿尔法策略今年一季度的表现却乏善可陈。格上理财数据显示，阿尔法策略今年以来平均收益为-2.01%，垫底八大策略。
华宝证券研究创新部的数据则显示，阿尔法策略三月中位数收益0.39%，收益区间在-14.61%到30.85%之间。“在大盘表现优于小盘的市场上，alpha策略普遍表现不佳，三月的中位数收益相对二月稍跌0.06%。”华宝证券分析师奕丽萍表示。
2016年，股票市场自年初熔断之后便陷入震荡格局，商品期货则在大起大落之际演绎了大牛市行情，股票私募和商品私募也分别长期占领私募策略排名的末尾和首位。
格上理财数据便显示，2016年股票策略产品平均收益为-6.81%，前1/4的平均收益达9.54%。与之形成鲜明对比的是，管理期货策略的年度平均收益达到了21.37%。
这其中，风格激进的单账户产品将期货的“暴利”本色展现得一览无余。私募排排网数据显示，截至2016年底，有持续业绩的单账户产品平均收益达到59.13%，超6成单账户实现了正收益，收益超过100%的产品只有101只，冠军产品收益则惊人地高达14217.01%。
股票私募和期货私募冰火两重天的格局持续近一年之后，2017年一季度，股票市场震荡上行而商品市场震荡回撤，“冰与火”的局势迎来反转和切换。
格上理财数据显示，截至2017年3月底，股票策略产品平均收益率为2.09%，紧随套利策略之后，位列八大策略第二名。其中，逾6成产品获得正收益。而管理期货策略却再无往日风光，主观期货策略今年以来平均收益为1.17%，程序化期货策略一季度收益则为-1.11%。
不过值得注意的是，就单月业绩情况来看，管理期货策略在3月表现可圈可点，主观期货策略以1.82%的月度平均收益成为收益最高的策略，程序化期货策略也以0.50%的收益名列第三。
“在经历了前两个月的震荡行情后，各大期货策略私募开始适应并积极调整策略以应对新的坏境，3月份期货策略产品收益逆市上行。”格上理财研究中心指出。",私募一季度成绩单曝光  期指松绑套利成黑马,
http://www.yicai.com/news/5268677.html,2017-04-18 18:43,"4月18日消息，中国恒大今日在港交所发布公告称，以8.162亿港元回购9540万股股份，每股回购价格区间在8.44-8.63港元，而此前中国恒大已斥资17.4亿港元回购2.03亿股。
中国恒大曾发布公告称，于2017年4月13日斥资约17.4亿港元回购2.03亿股，占已发行股份1.475%，每股回购价格区间在8至8.73港元。同时这也是今年来恒大第一笔大手笔股票回购，有业内人士认为，恒大股价表现强劲，此番再大手笔回购，凸显了其对公司未来发展的信心。
值得一提的是，受雄安新区、大湾区概念等影响，内房股近期颇受追捧。其中，不久前公布了凸出业绩的中国恒大在短短约数个交易日，股价累计升幅达3成，最高曾创8.78港元历史新高。截至今天收盘，中国恒大报8.62港元每股，涨4.11%。",中国恒大再现大手笔回购 超8亿港元回购9540万股,
http://www.yicai.com/news/5268667.html,2017-04-18 18:37,"据港交所数据显示，辉山乳业实控人杨凯在3月28日、29日、30日、4月5日分别减持九台农商(06122.HK)1225.5万股、223.1万股、118.9万股、6100万股，减持的均价在4.58港元/股至5.144港元/股之间，合计套现逾3.55亿港元。
港交所数据显示，杨凯3月28日以4.763港元/股价格减持1225.5万股、3月29日5.061港元/股减持223.1万股、3月30日以5.144港元/股减持118.9万股、4月5日4.58港元/股减持6100万股，合计套现逾3.55亿港元。九台农商银行(06122-HK)今年1月12日刚刚登陆港交所，辉山乳业主席杨凯原来透过Champ Harvest Limited持有1.18亿股九台农商银行H股，股权占比15.55%，在近期连续减持后杨凯持有九台农商的股份下降至3.57%。
辉山乳业港股股价3月24日出现“闪崩”，随后停盘至今。而九台农商银行(06122-HK)在随后的3月27日也放量大跌约10%。3月29日，九台农商行公告称，2016年12月以来，先后为辉山乳业提供两笔融资，总金额13.5亿元，融资目前尚未到期，该行亦未计提减值损失。但其中一笔6亿元融资，为担保借款，将于2017年6月到期。
辉山乳业债务危机持续发酵，部分卷入的金融机构披露了对辉山乳业的贷款金额。在这些银行中，九台农商行显得尤为瞩目，虽是小型城商行，但是债权排名第二，达到13.5亿元。
 ",辉山乳业实控人杨凯减持九台农商套现3.55亿港元,
content,url,abstract,time,title
"自2014年底完成借壳上市以来，中安消发起了多次资产收购，以现金支付方式购买了超过10家公司的股权。一系列的现金并购，使得中安消的负债率、商誉、对外担保额迅速高企，现金流趋紧张，大股东目前还将所持公司股份的九成用以质押融资。而近日，中安消再以现金方式发起新一轮的并购。
中安消的激进并购之势，已引发市场和监管层关注。更值得注意的是，中安消借壳上市时置入的资产，已连续两年未能完成业绩承诺;在迅速推进资产收购的同时，中安消将多个并购资产未来业绩悄然纳入借壳业绩承诺的核算之中。业绩不足、并购来凑，市场与监管层对中安消“以收购买业绩”的质疑渐起。
今年3月，中安消发布了最新的重大资产购买预案。公司拟通过波兰下属子公司以支付现金的形式，购买Konsalnet集团100%股权；初步预估交易作价8.08亿元，支付款将以自有资金、债务融资等方式筹集。
为支付收购对价，中安消的境外全资子公司中安消国际在当月向东英金融投资申请金额不超过1.3亿欧元的综合授信，期限为3至5年;中安消以及控股股东深圳中恒汇志投资有限公司(下称“中恒汇志”)为此提供担保。此外，中安消实际控制人涂国身在当月还质押1200万股限售股给国投泰康信托，用于“投融资需要”。
伴随新一轮现金收购的公布，中安消原本已不轻松的资金压力进一步加剧。
最新发布的公告显示，中安消对下属全资子公司担保额已达25.08亿元，占上市公司最近一期经审计净资产的86%。上述股权质押完成后，涂国身及一致行动人累计质押股份有4.79亿股，已经占其所持公司股份的89.7%。此外，上海证券交易所针对此收购下发的问询函还指出，中安消2016年三季报披露公司当期有货币资金7.12亿元，已少于本次交易所需支付的现金对价。同时，公司今年经营活动产生的现金净流量持续为负，短期负债大幅增加，资产负债率也不断攀升，三季度末的资产负债率达到67.12%。
高担保额、高负债、高比例质押，是中安消接连发起现金并购所导致的结果。据不完全统计，中安消自2014年底完成借壳后的两年里，已发起过六次资产收购，以现金支付购买的标的资产已有十多个。
中安消前身是飞乐股份，2014年上市公司向中恒汇志发行股份，购买其持有的中安消技术有限公司100%股权。该交易构成借壳上市，当年12月获证监会批文并完成股份过户登记。至此，上市公司控股股东变更为中恒汇志，实际控制人由上海市国资委变更为涂国身，主营业务变更为安防与安保相关业务。
第一次收购就发生在借壳完成后不久。2015年2月，中安消宣布因重大事项停牌。当年4月，中安消子公司香港飞乐以现金6.95亿元，收购卫安控股有限公司旗下子公司卫安1有限公司(下称“卫安1”)。卫安1的实际控制人是涂国身，此次交易构成关联交易。
第二次资产收购在2015年10月21日，中安消拟以支付现金的形式购买澳门卫安、深圳迪特、飞利泰和深圳威大等四家公司全部股权，交易价格合计为6.38亿元。中安消称，交易资金来源为自有资金及金融机构借款。当年11月第三次资产收购随即启动。中安消全资子公司中安消技术以现金1.68亿元，收购上海擎天电子科技100%股权。
进入2016年，中安消的现金并购势头丝毫不减，又先后发起两次重大资产收购。5月，中安消股东大会审议通过以支付现金的形式购买澳洲安保集团100%股权及两处永久物业、泰国卫安股权，交易价格合计为9.78亿元。7月22日，中安消再宣布以现金收购启创卓越、华和万润、中科智能的全部股权，交易总价达17.08亿元。其中，由于启创卓越存在大额预付款事宜，中安消在2017年3月终止了对其的收购。
此外，中安消还在去年10月向实际控制人涂国身控制的深圳科松、明景智能、明景电子，购买了账面净值约985万元的安防业务相关的资产。
一系列的资产并购，均采用了现金支付的形式。除自有资金外，中安消还通过金融机构借款等债务融资方式自筹资金。从公告披露的情况统计，中安消控股股东和实际控制人从2015年起，进行过61次股权质押。期间，中安消发行过两次公司债券，用于偿还金融机构借款和补充流动资金。公司还曾针对支付并购的现金对价，启动过超短期融资券和非公开发行股票，但最终都终止发行。
对于中安消此次再以现金收购境外资产，上证所对交易实施必要性、资金来源进行了发问。交易所要求公司结合十多次现金收购，披露战略规划和经营目标，说明连续实施现金收购是否影响公司正常生产经营。同时还要求公司公布支付现金的筹措安排，明确公司是否存在“短贷长投”、是否存在流动性风险等。
对于上述一系列资产收购，中安消对外宣布的交易目的，是不断拓展安防和安保的产业链，进军海外安保市场。但与之形成对比的是，中安消在借壳上市时置入的主要资产，自借壳完成当年已连续两年未完成业绩承诺。而此时安消以现金支付快速推进资产并购，同时修改业绩补偿的计算标准;这让市场与监管层对中安消“以收购撑业绩”的质疑渐起。
根据借壳上市时签订的利润补偿协议，中恒汇志的置入资产，即中安消技术在2014年至2016年的利润预测数分别为2.1亿元、2.8亿元、3.8亿元，补偿测算以置入资产交易实施完毕后的三年内实现净利润的年度数和各年累计数为准。
然而，就在借壳上市完成的同时，公告显示中安消技术2014年就未能完成业绩承诺，较预测净利润少2581万元，差异率达12.29%。经测算，中恒汇志须补偿1176.84万股。中安消方面称，未实现业绩承诺主要是由于中安消承接的部分安防系统集成项目开工有所延迟而导致。但至2015年，中安消技术再次未实现盈利预测，且差异率进一步扩大。盈利预测实现情况显示，中安消技术当年实现净利润较此前预测少8299.98万元，差异率达29341%。中恒汇志当年应补偿3692.32万股。
值得注意的是，证监会目前已开始收紧对重大资产重组中业绩“失诺”的监管。2016年6月证监会对上市公司业绩补偿承诺的相关问题与解答中，强调业绩承诺是重组方案的重要组成部分，重组方应当严格按照业绩补偿协议履行承诺，不得变更业绩补偿承诺。
面对不达承诺业绩的置入资产、不断趋严的监管环境，中安消以现金收购形式快速推进一系列的资产收购，并悄然将并购标的的未来业绩纳入业绩承诺核算之中。
在去年7月发起对启创卓越等四家公司资产收购时，上证所就曾问询，重组标的未来业绩是否纳入借壳上市业绩承诺核算中。中安消回复称，借壳完成后收购的资产中，除了以香港飞乐为主体收购的香港卫安之外，其他资产的业绩都纳入借壳上市业绩承诺核算。包括深圳威大、飞利泰、澳门卫安、深圳迪特、上海擎天、澳洲安保集团、泰国卫安、启创卓越(现已终止收购)、华和万润、中科智能。
中安消对此表示，中安消技术利用自有资金自行拓展业务实现的内生增长，与收购外部企业达到外延发展，都属于置入资产为股东创造利益最大化的经营行为。在借壳重组评估说明的收入预测说明中，也曾说明借壳后并购发展对业绩产生正面影响。“中安消技术现金购买企业所产生的业绩纳入中安消技术作为借壳置入资产业绩承诺核算的一部分，具有合理性。”
业绩不足、并购来凑，而利用现金收购形式还可以绕开监管层的相关审批流程，置入资产不达业绩承诺的隐患似乎已经消除，但更多的风险却在迅速聚集。
目前，上证所已就标的资产业绩是否计入借壳业绩承诺进一步问询，并直接发问是否存在通过连续收购规避业绩承诺的情形。此外，截至三季报末，中安消的商誉余额为21.53亿元，占公司净资产的比重为72.22%。而此次拟收购的Konsalnet集团因以前并购产生的商誉达1.56亿元，此次收购将增加公司的商誉余额。上证所已要求中安消披露商誉减值的风险。
中安消已发布延期回复上证所问询函的公告，4月21日本周五在上证所召开重组媒体说明会。",http://www.yicai.com/news/5268842.html,,张婧熠,两年吞下十多家公司 中安消再被疑以并购“买业绩”
"4月18日消息，辉山乳业发布晚间公告称，苏永海及郭学研已辞任公司执行董事，目前董事会仅余实控人杨凯及已失联高管葛坤。于本公告日期，仍未能联络到葛坤，由于董事会不符合公司章程所规定的最低董事人数要求，故目前董事未能在一般情况下代表本公司行事。
公告称，郭学研先生已辞任本公司执行董事， 该辞任后，郭 先生亦不再为本公司食品质量与安全咨询委员会成员。尽管从董事会辞任 ，郭学研亦仍 于本集团任职副总裁，主要负责本集团的乳品原料业。苏永海先生正从近期预约进行的心脏手术恢复，因健康理由辞任本公司执行董事。该辞任后亦已不再为本公司之首席财务官、薪酬委员会 、提名委员会及食品质量与安全咨询委员会的成员。
公告还称，于本公告日期，本公司余下董事为杨凯先生及葛坤女士( 仍未能联络 )，且董事会董事人数已减少至低于本公司章程细则所规定最少三名董事的要求。因此，除委任额外董事加入本公司及召开股东大会外，董事会不再能代表本公司行事，直至符合最低董事人数要求为 止。杨凯先生正在采取切实可行的行动，以物色适当人选以填补董事会空缺。",http://www.yicai.com/news/5268848.html,,2017-04-18 22:17,辉山乳业两名执行董事辞职 董事会仅剩实控人及失联高管
"新三板作为全国中小企业股份转让的场所，投资者开通证券账户新三板权限后就可以在上面购买到一万多家新三板挂牌企业的股权。不过最近小编发现在淘宝网上也可以买到新三板企业的股权，而且还比在新三板上的交易价格低，这是怎么回事？
被挂在淘宝网进行交易的是800万股元亨光电(430382.OC)的股份，约占公司总股本的14.8%，原来是深圳市罗湖区人民法院在进行司法拍卖，起拍价为2800万元，大约是这800万股在新三板市值的一半。
元亨光电在淘宝网的拍卖秀吸引了4161次围观，场面火热，甚至还真有一人愿意交280万元的保证金报名参加举牌。反而，在新三板上公司股票的交易不算活跃。虽然元亨光电有6家券商做市报价，是按照创新层的标准配备，但是去年全年交易量才只有25万股，还不如在淘宝上拍卖。当然，新三板有500万元的投资者准入门槛，有资格交易的投资者数量很有限。
按常理被司法处置的资产多为不良资产，但元亨光电作为深市上市公司大族激光（002008.SZ)参股的国家级高新技术企业，业绩表现不俗，LED产品远销海内外。2015年、2016年上半年，元亨光电营业收入分别为3.16亿元、1.77亿元，净利润为2701万元、1346万元，公司也没有涉及到严重的司法诉讼。

原来问题出在元亨光电的第二大股东深圳市元亨能源管理有限公司（以下简称“元亨能源”）身上。元亨能源共持有元亨光电904万股，占总股本16.79%，元亨能源的大股东杜尚勇同时也是元亨广电的董事长。本次司法拍卖的正是元亨能源持有的元亨光电股份。
元亨能源在外面借了高利贷一直没还，去年11月被法院列入失信人了。根据深圳市罗湖人民区法院的一份判决书，元亨能源于2014年10月24日向自然人谢衡借了一笔3500万元的短期借款，期限为30天，利率按照当时基准利率四倍计算为月息1.86%。
但是，元亨能源不仅到期后没有还钱，并且在法院判决元亨能源还本付息之后，仍然不执行，与此同时利息还在继续滚动。罗湖区法院一看怒了，为了让元亨能源偿还借款，法院决定强制拍卖元亨能源持有的新三板公司元亨光电的股份。
元亨能源这种坚决不还钱的态度也是让小编匪夷所思，毕竟元亨能源科室一家实缴注册资本金为1亿元的公司。为了一笔一个月期的高利贷，元亨能源真的不惜失去最有价值的元亨光电股份？难道是公司账上真的没钱了？
无论如何，出来混总是要还的。从去年7月到9月，罗湖区法院连续举行了三场线下拍卖。2016 年 7 月 19 日，罗湖区法院正式拍卖元亨能源持有的418万股元亨光电股票，起拍价格约2300万元，平均每股价格约5.5元，略低于当时挂牌公司的做市股价6元，但是拍卖现场门可罗雀，却无人报名。
首次拍卖宣告流拍后，罗湖区法院又连续进行了两次拍卖，定价一次比一次低，每股价格从4.54元降到3.5元，本来是按照收益法估值，这下要按照净资产估值。但即便如此，仍然没有一个人报名竞拍。
理论上，要是以3.5元成本拍下，转手到新三板卖出就一倍的赚头。但是吃瓜群众并不买账，案件执行陷入僵持。
就在这时，一则消息打开了法院的心扉。市场上出现了首例新三板股权拍卖成功案例，拍卖不是在线下，而是在淘宝网。2016年12月，吉林昊融持有的东海证券(832970.OC)的1亿股股权通过淘宝网司法拍卖，吸引了2万人围观，8人竞拍，最终以总价13亿元成交，溢价近27%。
“互联网+”的力量让人们看到了希望，罗湖法院也决定转战淘宝网。今年4月10日，罗湖法院在淘宝网上进行第四次元亨光电股份拍卖，诚意十足，拍卖数量达800万股，约占元亨光电总股本的14.8%，起拍价为2800万元，平均价格低至3.5元/股，大约是市价的半折。保证金也从500万元调到280万元，切切实实地降了门槛。
果然，淘宝的效果就是不一样，拍卖吸引了4161次围观，有3人设置拍卖提醒，而且还有一人真金白银掏出280万高额保证金报名参加此次拍卖。就在关键时刻，拍卖被深圳市中级人民法院临时叫停，原来案子又被告到深圳中级法院，法院已经受理，所以本案暂缓执行监督程序。
目前元亨光电股权第四次拍卖在淘宝网显示为暂停状态，不排除重新启拍卖的可能。元亨光电也公告称，公司将密切了解拍卖的进展，提示投资人对本次拍卖保持关注。
不过，元亨光电到底值多少钱还是个未解之谜，公司股票在二级市场做市报价从去年7月的6月，一路上涨到目前的6.7元，3月最高触及7.05元。
但同时，元亨光电完成了新一轮定增，发行261万股，发行价格为4元，不过发行对象全部为公司高管和核心员工。公司表示，股票发行价格是综合参考了公司所处行业、成长性、每股净资产等多种因素，与认购人沟通后确认的。财报显示，截至去年6月30日，公司每股净资产为2.98元。
（第一财经实习生王天然对本文亦有贡献）",http://www.yicai.com/news/5268832.html,,周宏达,元亨光电股份被挂淘宝拍卖  起拍价“打半折”
"借定增之举，均瑶集团距离拿到爱建集团控制权仅有“一步之遥”，却意外杀出个看准爱建集团金融牌照的华豚。双方“你来我往”，相继抛出增持计划，对第一大股东的交椅互不相让。而爱建集团目前的第一大股东上海工商界爱国建设特种基金会(下称“爱建基金会”)则以公开声明方式力挺均瑶集团，围绕着这家股权分散的老牌金控上市平台的股权争夺战一触即发。
4月17日晚间，爱建集团发布三份重要公告，在宣布公司17亿元的定增方案终于过会的同时，公告了均瑶集团“未来12个月内增持不低于3%股份”的计划，这一增持计划在外界看来，为的就是阻击上述“门口的野蛮人”。在此前的一周内，上海华豚企业管理有限公司(下称“华豚企业”)及其一致行动人广州基金国际股权投资基金管理有限公司(下称“广州基金国际”)闪电增持爱建集团，触及举牌线并明确拟以第一大股东的身份，改组爱建集团目前董事会，主导上市公司。
对于这一新晋的举牌方，爱建集团方面在接受第一财经记者采访时表示“意外”，按照原定的增持计划，定增实施后，均瑶集团将以17.67%的持股接力上海国资委，成为公司的实际控制人。面对突然杀出的“野蛮人”，爱建基金会选择与均瑶结盟，并表态“考虑采取包括但不限于与均瑶集团形成一致行动关系等措施”。
不过，对于爱建的实际控制权，华豚一方未有退让之意。华豚企业董事长顾颉在接受第一财经记者采访时表示，公司将在合规之下，第一步先完成2.1%的增持计划，后续增持资金亦有安排，将根据市场以及均瑶集团的情况而定。对于下一步的增持计划，第一财经记者亦试图联系均瑶集团董事长王均金，但截至发稿未有回应。不过，仅以目前爱建集团的股价与股权机构来看，拿下上市公司控制权，华豚一方或将付出数十亿成本。
“虽然爱建旗下的证券、信托等的资质都比较一般，但和其他的地方金控平台相比，它手里有多张金融牌照，且股权分散增持压力小。”如一长期跟踪爱建集团的非银分析师所说，华豚之所以闪电增持爱建集团，盯上的就是后者手中的金融牌照，尤其是核心的信托牌照。
年报信息显示，爱建集团平台目前旗下共有6家核心子公司，包括爱建信托(持股99.33%)、爱建资本、爱建资产管理公司、爱建融资租赁公司、爱建财富管理公司及爱建产业发展公司。其中，爱建信托为2016年实现净利润5.79亿元，为爱建集团贡献了超九成利润。
对于看上爱建集团的牌照，华豚一方也并不避讳。顾颉告诉第一财经记者，作为老牌金融集团，爱建集团的金融牌照，尤其信托牌照非常有吸引力。
“从公司的发展经历来看，爱建集团的法人治理结构不是很完善，广州基金国际和我们也有约定，准备未来把公司打造成全牌照的金融集团。”顾颉表示。
华豚企业的此次举牌有备而来。第一财经记者查阅工商资料发现，华豚企业成立于2014年7月，于今年4月1日进行了增资扩股，引入了背靠广州国资委的广州汇垠天粤国际，形成了顾颉持股33.34%(法定代表人)、华豚集团持股33.33%、汇垠天粤持股33.33%的股权结构。而汇垠天粤则为广州基金国际的控股股东，同样隶属广州市国资委。
按照顾颉所说，4月1日的增资扩股为的就是举牌爱建集团。汇垠天粤董事长闵飞则强调，本次增持获得了广州市国资委的支持。接近广州基金国际的人士亦对第一财经记者表示，实际上这一举牌透露出的或是广东国资想在金融领域亦有所新作为。
虽然顾颉一再表明，本次举牌并未有做“门口的野蛮人或者妖精”之意，但仍然难以打消外界的疑虑，对于增持资金的来源质疑亦未消除。对此，顾颉回应称，目前增持资金均来自于华豚企业的注册资本，后续增持资金亦有安排。工商信息显示，华豚企业注册资本合计27亿元。
对于爱建集团目前的经营现状，华豚一方认为，爱建集团目前已落后同期拿到牌照的其他的老牌金融集团。若华豚一方成为爱建的第一大股东，改选董事会，调整法人治理结构势在必行。
以目前爱建集团的董事会席位来看，显然上市公司以及爱建基金会与均瑶集团暂为盟友。公开信息显示，爱建集团目前的6名非独立董事中，有三名为均瑶集团推荐，且均瑶集团董事长王均金已于2016 年7 月当选为爱建集团董事长。
实际上，早在2015年，均瑶集团就开始谋划取得爱建集团控制权。2015年8月28日，均瑶集团与上海国际集团签订股权转让协议，协议受让爱建集团7.08%股权。随后11月，爱建集团公司公告定增方案，向均瑶集团、王均金、王均豪非公开发行非公开发行1.8亿股，购买其合计持有的均瑶乳业99.8125%股权。
2017年1月25日，爱建集团调整方案为发行1.85亿股，共募资17亿元。12 亿元用于向爱建信托增资，4 亿元通过爱建信托投资创投项目，1 亿元用于偿还银行借款。而定增若完成，均瑶集团的持股比例将上升至17.67%，为第一大股东。且爱建集团6个非独立董事席位中均瑶集团有权推荐5 名候选人。
上述分析师认为，从持股比例上来说，如果定增顺利，对于拿下爱建集团控制权，均瑶集团更为有利。就在华豚集团宣布举牌后第二天，均瑶集团亦公告，计划于未来12 个月增持爱建集团股份不少于3%。而作为爱建集团当下的大股东，爱建特种基金会明确支持均瑶集团取得上市公司实际控制人地位，并表达了对华豚集团的“警惕”。
“若相关股东进一步增持股份,且其后续行为对上市公司稳定发展产生不利影响的,本基金会将在符合相关法律法规以及信息披露要求的基础上,考虑采取包括但不限于与均瑶集团形成一致行动关系等各项积极措施,以全力支持爱建集团的后续发展。”爱建集团方面表示。
对于持股比例的争夺，华豚一方与均瑶集团均不相让。“若对方继续增持，我们也有信心继续增持。”4月18日下午，华豚方面对第一财经记者这样表示。仅以目前爱建集团的股权结构和股价来看，若爱建基金会与均瑶集团结成一致行动人，两方持股19.38%，华豚一方想拿下控制权则需要近30亿元。
另有非银分析人士对第一财经记者表示，目前爱建集团两方争夺控制权的局面，或对其复牌后股价走势有利，一干基金将搭顺风车获利，但股价水涨船高对于增持双方来说成本均不可避免上升，争斗局面将走向何方仍难预测。",http://www.yicai.com/news/5268836.html,,王娟娟,华豚横刀夺“爱”均瑶回击 爱建集团股权争斗一触即发
"因股价未曾到达理想价位，福成股份(600965.SH)实际控制人之一李福成的减持计划最终未予兑现。而这一个直截了当而又似存隐性信号的理由也引来市场诸多猜测。
李福成的减持计划是于去年9月19日公布，当时的减持底价定为13.58 元/股，而在减持计划期间，福成股份的股价曾最高涨至16.86元/股。以每股9元左右的成本价计算，李福成在减持计划期间的获利金额最大可达到2亿元左右。然而李福成并未有所心动。
对于此次公布的减持理由以及背后是否有其他原因，市场存有诸多猜测，比如，减持的理由似乎有向市场传递股价存上涨预期的信号，是否有沾染雄安概念推高股价预期。对此，福成股份内部人士回应称，李福成仅是反应自身的真实想法，该公司与雄安新区并无关联，也并不想往该概念上靠。
一位证券律师表示，虽然福成股份有向市场释放股价上涨预期的嫌疑，但并不好定性，股东表达对企业充满信心类的话也属正常。
4月17日晚间，福成股份的一份减持计划进展公告引起市场注意，重点在于那句不减持的理由。
根据公告内容，李福成原计划减持不超其所持公司股份总数的25%，但由于该公司股价未曾到达李福成的理想价位，故李福成尚未兑现减持计划。
福成股份是去年9月19日抛出李福成的减持计划，李福成因个人资金需求，拟通过大宗交易或集中竞价交易的方式进行减持，通过大宗交易减持需在今年3月23日之前完成，以集中竞价交易方式减持则需在今年4月18日之前完成。当时，李福成持有该公司1.28亿股，占总股本的15.65%;其中持有流通股1.1亿股，占总股本的13.49%。
事实上，当时李福成也给出了减持的底价，即不低于福成股份2016年9月19日收市后股票收盘价13.58 元/股。而在减持计划期间，福成股份的股价曾最高涨至16.86元/股。
“那会每股股价达到16元多的时候，他都不想卖，他都觉得低，后来股价下来了，他就一直也没有动静。”福成股份内部人士向第一财经表示。
而李福成持有福成股份的持股成本在9元左右。具体来看，2013年12月份，李福成通过定增认购福成股份1358.21万股，认购价格为5.96元/股，解禁期为2016年12月11日;2014年7月，因福成股份实施每10股转增3股方案，李福成持股增加至1765.67万股;2015年7月28日至2015年8月27日股灾期间，李福成累计增持 1000.677万股，平均持股价格为10.896元/股;2015年12月24日，李福成通过协议转让受让福成投资集团有限公司约1亿股流通股，受让价格为9.25 元/股。
如此看来，若以16元/股的价格来套现，李福成在减持计划期间的获利金额最大可达到2亿元左右。然而李福成并未有所心动。上述内部人士表示，他(李福成)应该是对企业继续看好，如果不减持的话，可能通过其他途径来筹集资金，他自己有别的投资需要钱。
对福成股份而言，上述减持计划曾让该公司股价有所波动。“当减持这个信息出来之后，股票上涨了一波行情，当时市场预期这么大的减持背后可能会有一个资金量很大的接盘方，存有一个想象空间，但涨到16元左右时还没减持动静，之后股价一直往下跌，减持又像一把利剑悬在头上。”上述内部人士描述当时的市场反应时表示。
如今这一减持计划到期并搁浅。福成股份公告称，目前，李福成因个人身体健康原因及为培养家族事业接班人，已辞去该公司董事职务。根据有关规定，李福成自2017年3月21日辞去公司董事职务后六个月内不转让其所持有的公司股份。
然而，市场对李福成公开的不减持理由以及是否背后还有其他原因存有诸多揣测。
“没减持的原因有可能是看好雄安新区概念对福成股份构成利好。”有投资者猜测，设立雄安新区的消息出来后，该股涨幅并不及其他雄安概念股，可能是想以此吸引市场的注意力。
根据二级市场盘面情况，在雄安新区的消息出来之后，涉及房地产、基建等方面的雄安概念股集体爆发，而福成股份清明节后首个交易日(4月5日)上涨逾5%，并未如其他概念股一样涨停，第二个交易日便下挫逾4%，第4和第5个交易拔高上涨后再一路下滑。截至4月18日，该股收报13.08元/股。
对此上述内部人士表示，该公司在雄安新区并没有土地，目前在那里也没有开展业务，“雄安新区跟我们应该是没什么直接关联”，公司也没有想往雄安新区概念股上靠。
据悉，4月11日下午，河北省金融办会同河北省证监局，约谈了全省52家上市企业主要负责人，提出稳定股价，严防不良炒作等要求，稳定资本市场，为雄安新区建设营造良好的金融生态环境。
也有市场人士认为，“股价未曾到达理想价位”这一不减持的理由似乎有向市场传递股价存上涨预期的信号，暗藏煽动投资者去买入之意，而目前监管层正在严打市场操纵行为。
“这不至于，那个减持理由是他(李福成)自己的一个真实想法。”上述内部人士表示，该公司发这个公告是因为减持期限到期了，必须要发公告，而且李福成也认为现在股价处于低位。
此外，有观点认为，可能是目前该公司在培养接班人，后续有打压股价计划，以让接班人低价增持，再拉高股价。但上述内部人士表示，这个不太现实，李福成家族持有福成股份超过60%，不可能会再从二级市场上增持股份。
对于李福成的减持理由，一位证券律师表示，虽有向市场释放股价上涨预期的嫌疑，但并不好定性，股东表达对企业充满信心类的话也属正常。
福成股份目前为畜牧养殖及屠宰、食品加工行业，餐饮服务行业，殡葬服务行业的多主业格局。该公司一季度业绩快报显示，营业收入为3亿元，同比下降11.73;净利润为2477.04万元，同比下降39.24%。
上述内部人士表示，未来公司的发展重心将慢慢倾向于殡葬服务业，前两个业务将会慢慢削弱化，因为殡葬业风险较小，预期收益、毛利率均较为稳定，而畜牧养殖和食品安全方面均存在不可控的风险。",http://www.yicai.com/news/5268819.html,,黄思瑜,李福成“嫌”福成股份股价不理想 放弃减持引来市场猜测
"炒作雄安概念股者众，可是如“最牛营业部”一般、套现25亿元则实属少见。
冀东水泥、京汉股份、荣盛发展、金隅股份——这些股票可谓本轮雄安概念股炒作中名气“如雷贯耳”的大龙头，而这些龙头股被一家叫做华泰证券北京西三环北路的营业部悉数捕获，并且在最近几个交易日内成功实现大手笔卖出套现，仅仅4月17日就顺利套现了15.42亿元，前后共计卖出雄安概念股套现25.21亿元。
4月18日，第一财经记者来到这家营业部实地探访，发现该营业部聚集了不少个人投资者。该营业部工作人员表示，上述这么大的交易量他们也很少看到。
从公开信息中可以看到，该营业部近期的“战果”还远不止雄安概念股。自3月份以来，该营业部就热衷于“炒地图”，除了雄安概念之外，还操作了粤港澳、一带一路概念的热门股，从走势来看，这些股票的股价都出现过大幅飙涨。
第一财经记者来到位于世纪华贸大厦A座的华泰证券北京西三环北路营业部时候，看到有不少个人投资者正在营业部内。该营业部一共有两层区域，一楼的面积仅有十余平方米，有客户经理正在为投资者办理证券账户的开户。三楼的营业厅则更为宽敞，以走廊为分界线分为两大办公区，一个办公区主要为股民办理融资融券等业务，另一大区域有几间大户室接待资金量在几千万元以上的大户。
“在我们营业部如此大手笔的交易也很少见，不然也不会上榜龙虎榜。”该营业部的一位客户经理告诉记者，一般个人投资者很少有这么大的资金量，一般的私募游资也很难做到这么大的量，总体来说，一家私募机构的日交易金额超过2亿元就算比较大的了。
但该客户经理并未向第一财经记者出示相关交易明细：“我们不能查阅相关账户的交易人和建仓时间等交易情况。”同时，该客户经理表示他们可为前来炒股的股民提供融资融券、民间配资等杠杆操作，从他了解到的情况来看，炒作雄安概念股的投资人如果想加杠杆，很少进行民间配资，往往是通过融资融券来进行操作。
4月17日，多只雄安概念股复牌，但是股价已经出现了明显分化，当天荣盛发展下跌了7.4%，冀东水泥下跌了4.48%，而京汉股份依旧上涨了7.39%，金隅股份继续涨停，但已非“一字涨停”那么坚决。
而这几只雄安概念股都和这家华泰证券北京西三环北路营业部有着关联，4月17日，该营业部在京汉股份上的净卖出金额为60178.11万元，占总成交的比例为9.93%，排在卖出席位的第一位。
该营业部4月17日还卖出冀东水泥34050.12万元，卖出金隅股份61078.14万元，上述三笔交易当天合计净卖出了15.42亿元。再加上该营业部之前几个交易日在荣盛发展上的多笔卖出，该营业部合计卖出雄安概念股套现25.21亿元。
在该营业部撤退后的第二个交易日，也就是在4月18日，无论是京汉股份、冀东水泥还是金隅股份，股价表现不振，分别出现了跌停，下跌8.28%和下跌4.74%，该资金的逃离可谓相当精准。
从4月7日至4月11日，雄安概念股炒作正处在热火朝天的时候，该营业部不停操作荣盛发展，从4月7日、4月10日、4月11日，分别净卖出了荣盛发展49364.46万元、24302.69万元、24264.74万元，合计卖出了9.79亿元。
上述客户经理表示：“资金应该是很早就开始一点点建仓买进雄安概念股，否则若是提前几日大幅买进相关股份，这样的大手笔也应该会出现在龙虎榜中。主力资金出逃冀东水泥、京汉股份和金隅股份，这或与前几日强监管密切相关。”
“从这个营业部的操作路线可以有一个大致推测，从4月7日之后的几个交易日之内，这个营业部主要是操作了荣盛发展，好几笔都还是涨停卖出，卖得有点早，之后又买进去冀东水泥、京汉发展等几只股票，但在雄安概念股风险转变之后就马上卖出，非常果断。”上海市某资深市场人士表示，至于为何会如此精准把握住雄安概念龙头股的原因，就不得而知了。
记者了解到，该营业部上榜龙虎榜的次数总体不多，除了上榜雄安概念股炒作之外，还在4月12日操作过粤高速A，当天合计净买入692.41万元，就在这一天粤高速A因为突然崛起的粤港澳概念而出现涨停。
事实上，这一资金量与其在雄安概念股上的投入相比可谓“小试牛刀”，可见该资金对于雄安概念更加认可。
此外，该营业部还在3月22日操作过西部建设，当天的卖出净额为1642.21万元。这一天，西部建设的股价同样出现涨停，涨停卖出已经成为该资金出货的惯用手法。
西部建设近期的股价也出现了大幅度的上涨，股价上涨主要还是因为其具有“一带一路”概念，而这一概念和雄安以及粤港高概念一样，同样都是属于目前A股市场上相当火热的“炒地图”。
而和3月份以来明显的“炒地图”操作路线不同的，早在之前该营业部还买入过汇纳科技、东北制药、顺发恒业等股票，相对来说，那个时候还并没有统一的风格。",http://www.yicai.com/news/5268828.html,,江怡曼 尹婧霏,炒作雄安股套现25亿元  “最牛营业部”操作路线曝光
"4月18日消息，英国突然宣布提前举行大选叠加高盛公布的糟糕的财报以及日趋紧张的朝鲜半岛局势，美股三大股开盘走低。标普500指数低开8.84点，跌幅0.38%，报2340.17点。 道琼斯工业平均指数低开89.81点，跌幅0.44%，报20547.11点。 纳斯达克综合指数低开19.78点，跌幅0.34%，报5837.01点。
消息面上，英国突然要提前举行大选，欧股全线走低， 英国富时100指数跌幅进一步扩大至2%，创去年6月英国公投脱欧以来最大跌幅。 英镑兑美元突破1.27关口，创四个月新高。
英国首相May称，议会当前存在分裂，更晚选举可能导致英国退欧谈判受到阻碍，自己最近才不情愿地选择举行选举。她称，将在周三向议会提出6月8日举行选举的动议。
美国副总统彭斯表示，将与盟国协作对朝鲜施加经济与外交上的压力。今天对于美日经济关系而言开启了全新的时代。美日两国均可拥有促进经济增长的货币政策与预算政策。
特朗普今天将签署新移民签证令，特朗普新的移民签证令将提高对外籍技术工人的要求，要求联邦政府部门进行改革，确保H-1B签证授予了技能、薪酬最高的申请人。
美国财政部长史蒂文.姆努钦表示，由于美国国会共和党废除“奥巴马医改”的努力遭遇重挫，特朗普政府的税改时间表或将有所推迟。
公司消息方面，苹果最快准备秋季推出3款iPhone.苹果计划升级现有的两款iPhone，并准备推出一款外观作出大幅调整的新iPhone。另外，苹果公司可能于5月份开始生产两款新iMac。
58同城网公布从腾讯控股融资2亿美元的协议，该融资将投资于转转APP。
Cardinal Health股价盘前跌幅近17%，稍早公司宣布将61亿美元现金收购Medtronic旗下病患监测与看护业务。
高盛一季度EPS 5.15美元;一季度交易业务营收33.6亿美元，预期36.2亿美元;一季度固收业务营收16.9亿美元，预期20.3亿美元;一季度投行业务营收17亿美元，预期15.6亿美元。盘前跌近3%。",http://www.yicai.com/news/5268807.html,,2017-04-18 21:37,英国突然提前举行大选 美股三大股指开盘低迷
"北京时间4月18日，巴菲特旗下伯克希尔哈撒韦(Berkshire Hathaway)的子公司之一，总部位于加州尔湾(Irvine)的伯克希尔哈撒韦地产服务(Berkshire Hathaway HomeServices，下称“HomeServices”)宣布与居外网达成协议。据HomeServices公告，公司已将其代理的住房广告同步至居外网页面。
居外网中国区总经理葛奕婕对第一财经记者表示，“此次与HomeServices的合作，使后者多达14万条美国住宅房源能够在居外网上向中国及世界华人买家以中文呈现，将可以更好地满足中国消费者的需求，并增进买家的知情选择权”。
根伯克希尔哈撒韦的最新年报，HomeServices旗下共有38家不动产公司，拥有超过29000名经纪人，超过375家加盟商。作为能源业务附属子公司的Berkshire Hathaway HomeServices贡献利润攀升22%至1.27亿美元。然而，巴菲特在2013年曾表示，伯克希尔哈撒韦在2000年购买这项能源业务时，他表示“甚至都没注意到HomeServices，后者当时只拥有少数几家房地产经纪公司。”
总部位于上海和香港的居外网，在英国、美国、加拿大和澳大利亚亦设有区域分支机构。据官方数据，居外网作为全球最大中文国际地产门户网站，展示了来自 89个国家的 250 万套房源，每月来自中国和世界各地的访客数量超过200万人次，此次与HomeServices达成协议后，两家公司将共享居外网的客源。
记者从内部人士出获悉，不同于其他房产公司，HomeServices将以各地区分公司为单位，逐一独立出现在居外网的美国房产中介页面中，昨日位于亚特兰大的分公司(Berkshire Hathaway Home Services Georgia Properties)已经率先入驻，最终全部房源数预计将达14万条。
除HomeServices之外，专注为中国及世界华人买家提供海外房源的居外网，4月份还有几家重要联盟。四月初，居外网与香港新兴的房源网站okay.com建立策略联盟，目前已有超过700套的香港房源在居外网上线。
同月，居外网与世界上最大的国际房地产经纪公司瑞麦地产(RE/MAX)澳大利亚公司及瑞麦地产新西兰公司签订了更新的合作协约，两家公司的海量英文房源将继续自动上载到居外网，且两家公司经纪人可独立上传中文的房源信息。“腾讯居外海外房产频道也正式启动。近期会有来自65个国家的13万条房源信息向腾讯网的用户呈现。下一步，传播渠道将可望扩大至微信。”葛奕婕称。
“中国已经超越来自其他国家的客户，成为除了美国本土居民以外的美国地产最大买家，”HomeServices公司首席执行官吉诺布莱法利(Gino Blefari)在公告中表示。
根据居外网数据，美国是历年来中国买家最感兴趣的购房目标地，在 2010年至2015年间，中国买家购买的美国房地产总值至少达到3500亿美元。“2016 年至 2020 年，中国买家将在美国现房市场中投入至少2180亿美元，在世界其他各地的投资也将具同样幅度。” 葛奕婕进一步表示。
居外网现已基本囊括了海外主要购房市场主流房地产公司的房源，中国买家可以在中国网站环境中获取中文的海外房源信息，经纪人联系方式、以及海外购房指南等。第一财经记者从居外网内部人士出获悉，公司计划于未来12个月内在澳大利亚股票交易所(ASX)上市。
中国买家赴美购置住房的热情近年来居高不下。根据美国房地产经纪人协会(下称“NAR”)公布的数据，2014-2015年中国买家在美国房产市场的购房数量位居国际买家首位。美国最大的地产平台Zillow数据亦显示，2016年全美房价上涨了4.8%，2017房价将继续上涨3.6%。
2016年7月NAR发布的报告显示，包括中国大陆、台湾和香港在内的中国买家，已经连续第二年成为美国住宅房地产最大的买家。2015年4月到2016年3月期间，海外购房者在美国购置的住宅房产总价值高达1026亿美元，其中中国买家购置的物业多达29195处，总价值近273亿美元，占海外购房总价的26.7%，远超位居第二的加拿大买家购置房产总额(89亿美元)。
数据来源：《美国房地产经纪人协会2016国际住房购买行动报告》
值得注意的是，海外买家在购置美国房产时，更青睐于相对高价的房产。NAR报告显示，2016年海外买家购置美国房产的成交均价为47.75万美元，远超出美国房屋的成交均价26.67万美元。其中，有10%的非本土买家购置超过100万美元的房产。
数据来源：《美国房地产经纪人协会2016国际住房购买行动报告》
2017年购房贷款将进一步放松，使得更多的人能够达到购房门槛。美国地产网站Redfin认为，2017年房利美、房地美将提高贷款的封顶额度，让买家能利用更多杠杆，买到价格更高的房屋。
然而，市场有观点认为，美联储的加息预期使得抵押贷款利率攀升，或许会影响购房需求。美国经济学家凯勒·威廉姆斯(Keller Williams)表示，今年的贷款利率可能会缓慢上升，除非经济形势发生变化，但目前美国房价从历史价位来看，仍属于可负担范围。
今年2月，居外网的海外房源访问量继续上升，其中是新兴的海外房市场如泰国和马来西亚，录得89.3%和69.4%的同比增长率。对传统的海外购房目标国加拿大、美国和英国，房源访问上涨分别为47.2% 42.4%和 32.5。中国人海外购房脚步不仅没有放缓，反而加快了。
葛奕婕亦表示，2017年中国人海外购房有三个大趋势。趋势一，是购房预算调低：100万与500万美元间的房源最受关注。居外数据显示20.7%的中国买家去年咨询的房产在1-5百万美元之间。
趋势二，中国买家将力争海外银行贷款。“虽然美国房的中国买家中有71%的人去年是全额付款，根据美国某些房地产公司的资料，今年以来，50%的中国买家利用了美国的银行贷款，而美国银行在这方面也作出了快速响应，推出了一些举措吸引外国的购房买家。”
趋势三，虽然中国居民现在按规定不能以购房为目的来换汇，但是留学、旅游和海外医疗依然没有受到限制，而这些海外消费最终也会促进中国人对海外房的需求。葛奕婕进一步解释，中国的海外房产买家中有52%在寻找学区房，而8%的中国富裕人群有意送子女出国读书。海外医疗旅游更是方兴未艾，2015年，中国人在这方面的花费达到100亿美元，中国人同时也在医疗保健热门国家如美国、加拿大、日本、泰国和新加坡寻找相关物业。",http://www.yicai.com/news/5268815.html,,张苑柯,“股神”巴菲特看好美国房市 中国客户成最大买家
"4月18日消息，国内期货市场夜盘开盘，黑色系领跌，螺纹钢、热轧卷板、铁矿石分别低开1.7%、1.3%、2.5%; 焦炭、焦煤分别低开2.2%、1.6%。动力煤平开。
对于铁矿石价格的弱势行情，有业内人士透露，少数小型贸易商资金成本压力加大，有低价抛售自身现货资源的操作，拖累现货价格出现断崖式下跌。
方正中期期货指出，由于前期采购粉矿成本过高，为降低原料成本提高利润，钢厂近期对低价资源采购量增加，不过下游成材出货未出现好转，价格继续大幅下跌，因此黑色系陷入恐慌抛售阶段。展望后市，方正中期期货认为，3月钢材出口降24.2%，而矿石进口量增11.4%，地产调控升级，汽车产销疲软，铁矿供需两弱，长期下行趋势难以缓解。铁矿石期货1709合约承压5日均线回落，短期下行趋势得以缓解，但上涨动力不足，操作上维持逢高沽空思路。
消息面上，郑商所18日公布，对2017年保险+期货服务三农试点建设工作予以支持，试点品种为棉花及白糖，试点区域为品种主产区。对于符合条件的贫困地区试点及获得政府补贴支持的试点，郑商所将予以优先立项。在做好风险防范工作的前提下，棉花及白糖试点现货规模应分别不低于1000吨及3000吨。试点项目承保周期应处于农作物市场年度内，且不低于3个月。试点结项日期为2018年3月31日。
同时据彭博引述知情人士透露，上海国际能源交易中心(INE)在会上对交易员和经纪机构表示，中国石油期货合约最早或在7月份准备就绪。
知情人士表示，INE说交易规定预计很快会获得中央政府批准。
上海国际能源交易中心是上海期货交易所的附属公司;INE石油期货合约原定于2015年底启动。上海期货交易在回答提问的电子邮件中表示，目前还没有上市时间表，INE正在按要求准备挂牌交易石油期货。",http://www.yicai.com/news/5268782.html,,2017-04-18 21:11,期货夜盘丨大宗商品普遍飘绿 黑色系领跌
"4月18日消息， 新华网昨日拟10送10转5遭上交所火速问询后，今日发布晚间公告回复称，经过五年的发展和积累，净利润由1.31亿元增长至2.80亿元，分别增长 977.17%、389.57%、113.74%，结合公司未来发展规划，公司认为具备再次扩充股本条件，新华网具有实施送转方案的条件。通过扩大股本，有利于改善新华网股本结构，有利于增强公司股份流动性，有利于增强新华网行业竞争力，有利于公司做大做强做优，更好地回馈投资者。股票4月19日开市起复牌。
昨日新华网公布2016年年报，公司实现营业收入13.61亿元，同比增长36.47%；实现净利润2.80亿元，同比增6.78%。公司拟10送10转5，收到交易所问询函，需补充说明此次大比例送转是否与公司经营业绩的增速相匹配，是否有利于公司的长远发展，并充分提示风险。为避免造成公司股价异常波动，经公司申请，公司股票自2017年4月18日起停牌。
就以上问题，今日回复公告称，公司自2011年变更设立股份公司至今，仅实施过一次资本公积转增股本方案，即2012年4月向公司全体股东每10股转增6.3股，转增完成后注册资本增加至15,570.88万元。经过五年的发展和积累，净利润由1.31亿元增长至2.80亿元，分别增长 977.17%、389.57%、113.74%，结合公司未来发展规划，公司认为具备再次扩充股本条件。 
同时目前新华网流通盘仅5190万股，  总股本2.08亿股，与同业上市公司相比规模偏小。通过扩大股本，有利于改善  新华网股本结构，有利于增强公司股份流动性，有利于增强新华网行业竞争力， 有利于公司做大做强做优，更好地回馈投资者。
公告还回复称，公司持股 5%以上股东为新华通讯社，新华通讯社为公司控股股东、实际控制人，新华通讯社及其一致行动人中国经济信息社、中国新闻发展深圳有限公司持有的新华网股票限售期为36个月，上市流通日期为2019年10月28日，未来六个月不存在限售期即将届满的情况，也不存在减持计划。",http://www.yicai.com/news/5268692.html,,2017-04-18 19:01,新华网回复上交所：具有实施送转方案的条件 明日复牌
"4月18日消息，中国联通晚间公告，公司控股股东联通集团拟以公司为平台，筹划并推进开展与混改相关的重大事项。目前，此次重大事项正在向有关政府部门咨询意见。公司拟通过非公开发行股份等方式引入战略投资者，但具体实施方案涉及多个政府主管部门的事前审批程序，还存在不确定性。公司股票继续停牌。
公告称，因中国联合网络通信股份有限公司控股股东中国联合网络通信集团有限公司拟以本公司为平台，筹划并推进开展与混合所有制改革相关的重大事项，本公司股票已于2017年4月5日起停牌。
截至本公告发布之日，本次重大事项正在向有关政府部门咨询意见。本公司拟通过非公开发行股份等方式引入战略投资者，但具体的实施方案涉及多个政府主管部门的事前审批程序，还存在不确定性。为保证公平信息披露，维护投资者利益，避免造成公司股价异常波动，经公司申请，公司股票自2017年4月19日起继续停牌。公司将尽快确定相关交易实施方案，并在本次股票停牌之日起的5个交易日内（含停牌当日）公告项目进展并明确停复牌情况。",http://www.yicai.com/news/5268700.html,,2017-04-18 19:32,中国联通：拟通过定增引入战投 正向政府部门咨询意见
"4月18日消息，中国恒大今日在港交所发布公告称，以8.162亿港元回购9540万股股份，每股回购价格区间在8.44-8.63港元，而此前中国恒大已斥资17.4亿港元回购2.03亿股。
中国恒大曾发布公告称，于2017年4月13日斥资约17.4亿港元回购2.03亿股，占已发行股份1.475%，每股回购价格区间在8至8.73港元。同时这也是今年来恒大第一笔大手笔股票回购，有业内人士认为，恒大股价表现强劲，此番再大手笔回购，凸显了其对公司未来发展的信心。
值得一提的是，受雄安新区、大湾区概念等影响，内房股近期颇受追捧。其中，不久前公布了凸出业绩的中国恒大在短短约数个交易日，股价累计升幅达3成，最高曾创8.78港元历史新高。截至今天收盘，中国恒大报8.62港元每股，涨4.11%。",http://www.yicai.com/news/5268677.html,,2017-04-18 18:43,中国恒大再现大手笔回购 超8亿港元回购9540万股
"4月18日晚间，沪深两市多家上市公司发布公告，以下是重要公告摘要，供投资者参考：
2017年4月14日，*ST匹凸接到控股股东上海五牛股权投资基金管理有限公司通知，五牛基金及其一致行动人通过交易系统增持了公司部分股票。目前，券商正在准备《收购报告书》等相关材料，公司股票自2017年4月19日开市起停牌，待披露《收购报告书》等材料后复牌。
嘉寓股份发布股价波动风险提示公告称，公司未在雄安新区雄县、容城、安新三县设立实体法人机构，在三县范围无在建项目，未参与三县范围内项目的招标，设立区域总部不意味公司可以获得当地项目，仅属于公司内职能调整。拟设立研发中心仅属于投资意向，不意味公司能够获得有关部门批准，新区规划对公司短期业绩没有实质性影响。公司拟设立的区域总部、研发中心，未来经营业绩、发展空间均存在较大不确定性。
幸福蓝海与IMAX公司签署合作协议，公司与IMAX公司约定，将在2021年12月15日之前新增租赁40套IMAX影院系统。协议的签署将使公司成为IMAX全球第五大以及亚太地区第三大院线合作伙伴，有助于公司院线的市场份额的快速提升。
华夏幸福公告，公司与华为签署《战略合作协议》，双方将在全球范围内就华夏幸福开发承建的产业新城、产业小镇、城市综合体、公司办公信息化建设等方面进行全方位合作，共同推动公司产业新城范围内智慧城市、智慧园区、智慧楼宇等业务的发展。
*ST昌九公告，受航美传媒集团股东的委托，京都律师事务所向*ST昌九发来律师函。此前，航美传媒集团及其全资子公司，拟收购*ST昌控股股东昌九集团100%股权。但上述律师函显示，航美传媒集团存在伪造董事会及股东会决议、曾因犯罪被罚、私自签署交易合同等问题，因此上述交易不符合相关规定，上述委托人要求停止交易。对此，*ST昌九表示已委托法律顾问进行核实。
民生银行晚间公告，近日，本公司发现北京分行航天桥支行行长张颖有涉嫌违法行为，立即向公安部门报案。目前，张颖正在接受公安部门调查,本公司已成立工作组，积极协助公安部门侦办。针对媒体报道的涉案金额及具体案情正在调查过程中，本公司力争尽快查明事实。
新华网2016年度分配预案为：每10股送红股10股，转增5股。公司回复上交所高送转事项问询函称，经过五年的发展和积累，净利润由1.31亿元增长至2.80亿元，分别增长 977.17%、389.57%、113.74%，结合公司未来发展规划，公司认为具备再次扩充股本条件，具有实施送转方案的条件。通过扩大股本，有利于改善新华网股本结构，有利于增强公司股份流动性，有利于增强新华网行业竞争力，有利于公司做大做强做优，更好地回馈投资者。股票4月19日开市起复牌。
广州港公告，公司股票4月17日、4月18日连续2个交易日内收盘价格涨幅偏离值累计超过20%, 属于股票交易异常波动的情形。 经公司自查，并书面问询公司控股股东及实际控制人，截至本公告披露日，确认不存在应披露而未披露的重大事项或重要信息。
圣莱达于2017年4月18日接到中国证券监督管理委员会《调查通知书》，因公司涉嫌信息披露违法违规，中国证监会决定对公司立案调查。公司股票存在被实施退市风险警示及暂停上市风险。
嘉凯城公告，公司拟9.2亿元收购控股子公司武汉巴登城剩余49%股权，以实现对武汉巴登城项目全资控股。审计报告显示，截至2016年底，武汉巴登城总资产36.66亿元，净资产8032.36万元。不过，嘉凯城此前披露的2016年年报显示，上述两项数据分别为41.41亿元、5.56亿元，与今日公告均相差约4.75亿元。两份报告由不同的会计师事务所出具。
东方锆业公告称，公司氯氧化锆产品在2016年10月份、2017年2月份共上调出厂价1500元/吨的基础上继续上调出厂价，本次出厂价的提价幅度为10-15%；公司二氧化锆产品在2016年10月份、2017年2月份共上调出厂价4000元/吨的继续上调出厂价，本次出厂价的提价幅度为10-15%。
陕西金叶拟筹划涉及重大投资及签订重大合同的重大事项。鉴于上述事项存在不确定性，经公司申请，公司股票自2017年4月18日起停牌。 
科大讯飞与中国医学科学院北京协和医学院在北京签署战略合作框架协议，双方将在共建“医学人工智能联合研究中心”、共同推动智能语音及人工智能在医疗教育中的应用并探索人才培养新模式、共同推进人工智能研究成果在医疗方面的应用等方面战略合作。 ​​​​
目
太极实业控股子公司信息产业电子第十一设计研究院科技工程股份有限公司于近日收到《中标通知书》，确认十一科技为上海和辉光电有限公司第6代AMOLED显示项目工艺机电系统EPC/TURNKEY责任一体化中标单位，中标金21.6亿元。
众兴菌业公告，鉴于目前再融资监管政策的变化，公司综合考虑内外部各种因素，经与各中介机构认真研究与论证，决定终止2016年非公开发行A股股票事项。
长城影视拟以12.30元/股发行8783万股股份，并支付现金2.6975亿元，合计作价13.50亿元购买乐意传媒、韩伟及蒋文丽等持有的北京首映时代文化传媒有限责任公司100%股权，以12.30元/股发行22154467股份，并支付现金2.725亿元，合计作价5.45亿元购买鲍春雷、童黎明等持有的浙江德纳影业股份有限公司100%股权。同时，公司拟募集配套资金不超5.63亿元。
共达电声回复问询函，公司因*ST鲁丰实控人于荣强拟5亿收购公司控股股东潍坊高科100%股权，致实控人变更一事遭问询。据回复，于荣强拟以其向中国宏桥转让*ST鲁丰股份所获资金，支付股权转让款。如转让*ST鲁丰股份事项终止，则将质押所持全部*ST鲁丰股份进行融资。中国宏桥今早公告，子公司终止认购鲁丰增发股份，未提及与于荣强的股权转让交易。
中国联通晚间公告，公司控股股东联通集团拟以公司为平台，筹划并推进开展与混改相关的重大事项。目前，此次重大事项正在向有关政府部门咨询意见。公司拟通过非公开发行股份等方式引入战略投资者，但具体实施方案涉及多个政府主管部门的事前审批程序，还存在不确定性。公司股票继续停牌。
天威视讯与深圳前海天和文化产业基金管理有限公司管理的基金共同以现金收购璧合科技股份有限公司约80%股份，其中公司收购璧合科技不低于51%的股份。璧合科技的全部股份预估值为人民币13.2亿元。深圳前海天和文化产业基金管理有限公司是公司控股股东、实际控制人深圳广播电影电视集团通过全资子公司间接控制的法人。公司股票4月19日起复牌。
南方轴承实际控制人史建伟筹划重大事项，初步方案包括转让无限售标的股份和表决权委托有限售标的股份，将涉及控股权变更。由于本次控股权拟接收方广州国发文投股权投资基金管理中心（有限合伙）聘请的相关中介机构就公司尽职调查、审计等工作尚未完成，交易双方就控股权转让方案尚需进一步协商、完善和论证，公司股票4月19日起复牌。
龙净环保公告称，公司第一大股东东正投资100%的股权将转让给阳光集团。若股权转让实施完成，公司实控人将变更。股权转让价款在36-38亿元之间（以20元/股计算东正投资持有的龙净环保17.17%股份的价款，加上东正投资其他资产的净资产价值之和确定）。龙净环保目前股价12.77元/股，转让价较目前市价溢价56.6%。阳光集团为阳光城控股股东，实控人为吴洁
快乐购确认筹划的重大事项达到重大资产重组的标准。公司拟通过发行股份购买资产并募集配套资金方式收购公司实际控制人旗下的新媒体，及有利于实现产业协同的相关资产。具体交易方案正在进一步洽谈、沟通当中。公司股票4月19日起转入重大资产重组继续停牌。 ​​​​
华录百纳正在筹划收购资产事项，鉴于该事项尚存在重大不确定性，经公司向深圳证券交易所申请，公司股票已于2017年4月18日下午开市起停牌，预计停牌时间不超过10个交易日。 ​​​​
江苏国信拟向不超10名特定投资者非公开发行不超6.51亿股股份，募集资金不超40亿元，募资将用于增资江苏信托，增资完成后，上市公司持有江苏信托的股权比例保持不变，仍为81.49%。本次发行的定价基准日为本次发行的发行期首日。 ​​​​
王子新材与标的公司主要股东就标的公司估值、配套募集资金金额等事项进行了多次沟通和协商，但标的公司未切实配合上市公司及其聘请的中介机构开展尽职调查工作，导致本次重组的项目进度一再延迟，目前已不具备按期完成的可行性。公司拟终止本次重大资产重组事项。公司股票4月19日起复牌。
步森股份公告称，公司拟筹划重大事项，涉及购买资产，预计本次交易可能达到需提交公司股东大会审议的标准。鉴于该事项尚存在重大不确定性，为了保证公平信息披露，维护广大投资者利益，避免造成公司股价异常波动，根据深圳证券交易所的相关规定及《中小企业板信息披露业务备忘录第14号：上市公司停复牌业务》等有关规定，经公司向深圳证券交易所申请，公司股票自2017年4月19日（星期三）开市起停牌。预计停牌不超过10个交易日。
广汇物流发布2017年一季报，公司2017年1-3月实现营业收入1.29亿元，同比增长29.55%，物流行业营业平均收入增长率为165.45%；归属于上市公司股东的净利润6242.79万元，同比增长24.78%，物流行业平均净利润增长率为120.45%。
新华制药发布2017年一季报，公司2017年1-3月实现营业收入12.95亿元，同比增长28.91%，化学制药行业营业平均收入增长率为13.41%；归属于上市公司股东的净利润5155.04万元，同比增长153.98%，化学制药行业平均净利润增长率为32.65%。
方正证券披露2017年一季度业绩快报。公司2017年一季度实现营业收入132,452.38万元，同比下降31.19%；实现归属于上市公司股东的净利润40,482.91万元，同比下降52.24%；基本每股收益0.05元/股。
熊猫金控发布2017年一季报，公司2017年1-3月实现营业收入1.08亿元，同比增长28.14%，家用轻工行业营业平均收入增长率为11.72%；归属于上市公司股东的净利润962.13万元，同比增长1341.91%，家用轻工行业平均净利润增长率为36.73%。
开元仪器发布2017年一季报，公司2017年1-3月实现营业收入8574.12万元，同比增长27.34%，仪器仪表行业营业平均收入增长率为9.06%；归属于上市公司股东的净利润1261.38万元，同比增长429.63%，仪器仪表行业平均净利润增长率为8.48%。
力源信息发布2017年一季报，公司2017年1-3月实现营业收入9.49亿元，同比增长233.1%，其他电子行业营业平均收入增长率为30.60%；归属于上市公司股东的净利润4052.84万元，同比增长432.05%，其他电子行业平均净利润增长率为26.67%。
新华制药发布2017年一季报，公司2017年1-3月实现营业收入12.95亿元，同比增长28.91%，化学制药行业营业平均收入增长率为13.41%；归属于上市公司股东的净利润5155.04万元，同比增长153.98%，化学制药行业平均净利润增长率为32.65%。
新城控股发布2017年一季报，公司2017年1-3月实现营业收入20.37亿元，同比增长77.95%，房地产开发行业营业平均收入增长率为28.57%；归属于上市公司股东的净利润4227.15万元，同比增长121.82%，房地产开发行业平均净利润增长率为24.04%
中航高科发布2017年一季报，公司2017年1-3月实现营业收入7.23亿元，同比增长163.87%，国防军工行业营业平均收入增长率为26.65%；归属于上市公司股东的净利润6546.38万元，同比增长685.97%，国防军工行业平均净利润增长率为1.84%。
宝通科技发布2017年一季报，公司2017年1-3月实现营业收入3.70亿元，同比增长70.49%，通信服务行业营业平均收入增长率为0.31%；归属于上市公司股东的净利润3650.55万元，同比增长75.97%，通信服务行业平均净利润增长率为-36.70%。
飞亚达A发布2017年一季报，公司2017年1-3月实现营业收入8.17亿元，同比增长11.47%，家用轻工行业营业平均收入增长率为11.72%；归属于上市公司股东的净利润4531.90万元，同比增长66.3%，家用轻工行业平均净利润增长率为36.73%。
凯乐科技发布2016年年度报告，公司全年实现营业收入842068万元，比上年同期323011万元增加160.69%。2016年公司实现利润总额27218万元，其中归属于母公司所有者的净利润18223万元，比上年同期11961万元，增加52.35%，扣除非经常性损益后的净利润17288万元，比上年同期7942万元，增加117.7%。
杭州银行发布2016年年报，公司2016年1-12月实现实现营业收入137.33亿元，比2015年增长10.71%；实现归属于母公司股东的净利润40.21亿元，比2015年增长8.54%。 同时，公司拟10转4股派3元。
国药一致发布2016年年报，公司2016年1-12月实现营业收入412.48亿元，同比增长9.07%，医药商业行业营业平均收入增长率为16.29%；归属于上市公司股东的净利润11.87亿元，同比增长27.92%，医药商业行业平均净利润增长率为24.53%。
石英股份发布2016年年度报告，实现营收4.47亿元，同比增长9.26%；净利8093.75万元，同比增长12.03%。公司拟每10股转增5股分配现金红利1元（含税）。 
全新好发布2016年年度报告，营业收入3886.04万元，同比减少60.73%；归属于上市公司股东的净利润7801.90万元，同比增长457.43%；归属于上市公司股东的扣除非经常性损益的净利润亏损1554.01万元；基本每股收益0.54元；加权平均净资产收益率10.21%。公司拟每10股转增5股。
粤传媒发布2016年年报，公司2016年1-12月实现营业总收入102082.96万元，同比下降20.61%；营业利润-15966.23万元，同比下降318.07%；归属于母公司所有者的净利润18953.67万元，同比增长451.58%。
中原环保发布2016年年报，公司2016年1-12月实现营业收入9.37亿元，同比增长51.53%，燃气水务行业营业平均收入增长率为16.81%；归属于上市公司股东的净利润2.98亿元，同比增长773.52%，燃气水务行业平均净利润增长率为0.23%。
合康新能发布2016年年报，公司2016年1-12月实现营业收入14.17亿元，同比增长75.52%，电气设备行业营业平均收入增长率为10.06%；归属于上市公司股东的净利润1.79亿元，同比增长244.64%，电气设备行业平均净利润增长率为26.48%。
千山药机发布2016年年报，公司2016年1-12月实现营业收入7.64亿元，同比增长39.97%，医疗器械服务行业营业平均收入增长率为37.16%；归属于上市公司股东的净利润2.06亿元，同比增长244.33%，医疗器械服务行业平均净利润增长率为39.60%。
南洋科技发布2016年年报，公司2016年1-12月实现营业收入12.14亿元，同比增长31.45%，半导体及元件行业营业平均收入增长率为41.91%；归属于上市公司股东的净利润1.23亿元，同比增长22.68%，半导体及元件行业平均净利润增长率为42.94%。
泸州老窖发布2016年年报，公司2016年1-12月实现营业收入83.04亿元，同比增长20.34%，饮料制造行业营业平均收入增长率为13.46%；归属于上市公司股东的净利润19.28亿元，同比增长30.89%，饮料制造行业平均净利润增长率为5.95%。
开山股份发布2016年年度报告，实现营收17.28亿元，同比增长5.47%；净利9945.57万元，同比下降43.48%；每股收益0.12元。公司拟10派1.5元（含税）。因监管政策要求、资本市场环境等发生了重大变化，公司拟终止2016年非公开发行股票事项。
紫金矿业晚间披露一季度业绩预告，预计一季度实现净利润约10亿元，比去年同期增加1400%至1500%。一季度，金属价格同比上涨，公司矿产铜、矿产锌产销量同比提升，非经常性收益较大增加。
中材科技发布业绩预告，公司预计2017年1-6月归属上市公司股东的净利润2.73亿至3.54亿，同比变动0.00%至30.00%。化工新材料行业平均净利润增长率为79.88%。
中顺洁柔发布业绩预告，公司预计2017年1-6月归属上市公司股东的净利润1.48亿至1.80亿，同比变动40.00%至70.00%。造纸行业平均净利润增长率为58.67%。
宁波韵升发布业绩预告，公司预计2017年1-3月归属上市公司股东的净利润7600.00万至8100.00万，同比变动-87.00%。新材料行业平均净利润增长率为22.47%。
万里股份发布业绩预告，公司预计2016年1-12月归属上市公司股东的净利润亏损4200.00万，同比下降111.99%。电气设备行业平均净利润增长率为26.48%。
天银机电公告称，本公司2016年度权益分派方案为：以公司现有总股本32853.10万股为基数，向全体股东每10股派发现金2.00元；同时，向全体股东每10股转增3股。本次权益分派股权登记日为：2017年4月24日，除权除息日为：2017年4月25日。
天沃科技晚间公告，控股股东陈玉忠自2017年3月22日至3月28日，陈玉忠先生通过深圳证券交易所大宗交易系统共减持公司4483万股，占公司总股本的6.09%。减持计划已经执行完毕，实际减持数量未超出减持计划。
新湖中宝接到公司实际控制人黄伟先生通知，2017年3月9日至4月18日，黄伟先生通过上海证券交易所集中竞价系统累计增持公司股份429,967,233股，占公司总股本的5%。截至目前，在新湖中宝拥有权益的股份比例为57.09%。
福星集团计划自 2016年10月24日起，在未来八个月内，拟通过深圳证券交易所证券交易系统允许的方式(包括但不限于集中竞价和大宗交易等)增持福星股份股票，增持数量4700万股左右。同时，福星集团承诺自增持计划完成之日起六个月内，不减持福星股份股票。
银泰资源公告，公司股东侯仁峰于2月14日至4月18日通过深圳证券交易所大宗交易系统减持公司无限售流通股35,745,400股，占公司总股本的3.3%。",http://www.yicai.com/news/5268679.html,,2017-04-18 18:53,晚间公告丨干货！今日晚间重要公告速读（更新中）
"据港交所数据显示，辉山乳业实控人杨凯在3月28日、29日、30日、4月5日分别减持九台农商(06122.HK)1225.5万股、223.1万股、118.9万股、6100万股，减持的均价在4.58港元/股至5.144港元/股之间，合计套现逾3.55亿港元。
港交所数据显示，杨凯3月28日以4.763港元/股价格减持1225.5万股、3月29日5.061港元/股减持223.1万股、3月30日以5.144港元/股减持118.9万股、4月5日4.58港元/股减持6100万股，合计套现逾3.55亿港元。九台农商银行(06122-HK)今年1月12日刚刚登陆港交所，辉山乳业主席杨凯原来透过Champ Harvest Limited持有1.18亿股九台农商银行H股，股权占比15.55%，在近期连续减持后杨凯持有九台农商的股份下降至3.57%。
辉山乳业港股股价3月24日出现“闪崩”，随后停盘至今。而九台农商银行(06122-HK)在随后的3月27日也放量大跌约10%。3月29日，九台农商行公告称，2016年12月以来，先后为辉山乳业提供两笔融资，总金额13.5亿元，融资目前尚未到期，该行亦未计提减值损失。但其中一笔6亿元融资，为担保借款，将于2017年6月到期。
辉山乳业债务危机持续发酵，部分卷入的金融机构披露了对辉山乳业的贷款金额。在这些银行中，九台农商行显得尤为瞩目，虽是小型城商行，但是债权排名第二，达到13.5亿元。
 ",http://www.yicai.com/news/5268667.html,,2017-04-18 18:37,辉山乳业实控人杨凯减持九台农商套现3.55亿港元
"阳光私募一季度成绩单日前出炉。第一财经记者统计发现，在股票、期货、债券等大类资产行情分化的背景下，阳光私募八大策略的业绩表现不一而同。
主要市场上，一季度A股市场在震荡中缓慢上行，上证综指和深证成指一季度上涨2.76%和1.62%，创业板指则下跌2.85%。债券市场方面，由于3月临近季末银行MPA考核，资金面相对紧张，在金融去杠杆的大背景下，债券收益率持续震荡调整，但跌幅较2016年四季度有明显收缩。
另外值得注意的是，去年强势惹眼的商品期货市场在经历1月的强势期和2月的震荡调整后开始大面积回撤，黑色系更是跌跌不休。截至4月18日收盘，铁矿石创近五个月新低。去年频繁上演高收益神话的期货私募再无往日风光，平均业绩垫底一季度八大策略。
与期货私募形成鲜明对比的是，受益于期指松绑带来的流动性改善，期指套利策略在个股行情分化，期指市场套利策略增多的情况下，摘得阳光私募一季度的业绩冠军。
回顾2016年，受制于期指受限以及贴水幅度较大等因素，套利策略和阿尔法策略表现长期低迷。对于市场中的大多数阿尔法策略基金来说，若不增加其它新策略如套利、CTA、股票多头等，较难获取正收益。
而随着股指期货松绑措施在2月16日晚间的“靴子落地”，以期指为主要交易标的的套利策略在2017年一季度打了一个翻身仗。格上理财统计数据显示，2017年一季度，套利策略平均收益为2.42%，位列私募八大策略收益之首。
据记者了解，期指套利策略可细分为期现套利、日内高频、不同期指合约之间的跨期套利等，期指市场的流动性是套利策略的收益高低的重要决定因素。
2月16日晚间，中国金融期货交易所(下称“中金所”)公告，对三大股指期货品种的异常交易手数认定、交易保证金、平今仓交易手续费进行了全面调整，自2月17日起开始实施。此番调整被视为股指期货市场逐步回归常态的破冰一步。
第一财经记者统计发现，期指松绑两个月来，中证500(IC)、沪深300(IF)、上证50(IH)三大股指期货的成交量和持仓量均有了明显提升，市场流动性有了一定程度上的改善。
(图：三大期指成交量&持仓量对比，数据来源：中金所)
以4月18日和松绑前一天，2月16日的交易数据进行对比，IC、IF、IH的成交量分别增加了28.34%、52.07%、33.91%。持仓量方面，IC、IF、IH分别增加了20.86%%、31.16%、10.87%。
值得注意的是，同以股指期货为交易标的，阿尔法策略今年一季度的表现却乏善可陈。格上理财数据显示，阿尔法策略今年以来平均收益为-2.01%，垫底八大策略。
华宝证券研究创新部的数据则显示，阿尔法策略三月中位数收益0.39%，收益区间在-14.61%到30.85%之间。“在大盘表现优于小盘的市场上，alpha策略普遍表现不佳，三月的中位数收益相对二月稍跌0.06%。”华宝证券分析师奕丽萍表示。
2016年，股票市场自年初熔断之后便陷入震荡格局，商品期货则在大起大落之际演绎了大牛市行情，股票私募和商品私募也分别长期占领私募策略排名的末尾和首位。
格上理财数据便显示，2016年股票策略产品平均收益为-6.81%，前1/4的平均收益达9.54%。与之形成鲜明对比的是，管理期货策略的年度平均收益达到了21.37%。
这其中，风格激进的单账户产品将期货的“暴利”本色展现得一览无余。私募排排网数据显示，截至2016年底，有持续业绩的单账户产品平均收益达到59.13%，超6成单账户实现了正收益，收益超过100%的产品只有101只，冠军产品收益则惊人地高达14217.01%。
股票私募和期货私募冰火两重天的格局持续近一年之后，2017年一季度，股票市场震荡上行而商品市场震荡回撤，“冰与火”的局势迎来反转和切换。
格上理财数据显示，截至2017年3月底，股票策略产品平均收益率为2.09%，紧随套利策略之后，位列八大策略第二名。其中，逾6成产品获得正收益。而管理期货策略却再无往日风光，主观期货策略今年以来平均收益为1.17%，程序化期货策略一季度收益则为-1.11%。
不过值得注意的是，就单月业绩情况来看，管理期货策略在3月表现可圈可点，主观期货策略以1.82%的月度平均收益成为收益最高的策略，程序化期货策略也以0.50%的收益名列第三。
“在经历了前两个月的震荡行情后，各大期货策略私募开始适应并积极调整策略以应对新的坏境，3月份期货策略产品收益逆市上行。”格上理财研究中心指出。",http://www.yicai.com/news/5268676.html,,赵星巍,私募一季度成绩单曝光  期指松绑套利成黑马
time,abstract,title,content,url
张婧熠,,两年吞下十多家公司 中安消再被疑以并购“买业绩”,"自2014年底完成借壳上市以来，中安消发起了多次资产收购，以现金支付方式购买了超过10家公司的股权。一系列的现金并购，使得中安消的负债率、商誉、对外担保额迅速高企，现金流趋紧张，大股东目前还将所持公司股份的九成用以质押融资。而近日，中安消再以现金方式发起新一轮的并购。
中安消的激进并购之势，已引发市场和监管层关注。更值得注意的是，中安消借壳上市时置入的资产，已连续两年未能完成业绩承诺;在迅速推进资产收购的同时，中安消将多个并购资产未来业绩悄然纳入借壳业绩承诺的核算之中。业绩不足、并购来凑，市场与监管层对中安消“以收购买业绩”的质疑渐起。
今年3月，中安消发布了最新的重大资产购买预案。公司拟通过波兰下属子公司以支付现金的形式，购买Konsalnet集团100%股权；初步预估交易作价8.08亿元，支付款将以自有资金、债务融资等方式筹集。
为支付收购对价，中安消的境外全资子公司中安消国际在当月向东英金融投资申请金额不超过1.3亿欧元的综合授信，期限为3至5年;中安消以及控股股东深圳中恒汇志投资有限公司(下称“中恒汇志”)为此提供担保。此外，中安消实际控制人涂国身在当月还质押1200万股限售股给国投泰康信托，用于“投融资需要”。
伴随新一轮现金收购的公布，中安消原本已不轻松的资金压力进一步加剧。
最新发布的公告显示，中安消对下属全资子公司担保额已达25.08亿元，占上市公司最近一期经审计净资产的86%。上述股权质押完成后，涂国身及一致行动人累计质押股份有4.79亿股，已经占其所持公司股份的89.7%。此外，上海证券交易所针对此收购下发的问询函还指出，中安消2016年三季报披露公司当期有货币资金7.12亿元，已少于本次交易所需支付的现金对价。同时，公司今年经营活动产生的现金净流量持续为负，短期负债大幅增加，资产负债率也不断攀升，三季度末的资产负债率达到67.12%。
高担保额、高负债、高比例质押，是中安消接连发起现金并购所导致的结果。据不完全统计，中安消自2014年底完成借壳后的两年里，已发起过六次资产收购，以现金支付购买的标的资产已有十多个。
中安消前身是飞乐股份，2014年上市公司向中恒汇志发行股份，购买其持有的中安消技术有限公司100%股权。该交易构成借壳上市，当年12月获证监会批文并完成股份过户登记。至此，上市公司控股股东变更为中恒汇志，实际控制人由上海市国资委变更为涂国身，主营业务变更为安防与安保相关业务。
第一次收购就发生在借壳完成后不久。2015年2月，中安消宣布因重大事项停牌。当年4月，中安消子公司香港飞乐以现金6.95亿元，收购卫安控股有限公司旗下子公司卫安1有限公司(下称“卫安1”)。卫安1的实际控制人是涂国身，此次交易构成关联交易。
第二次资产收购在2015年10月21日，中安消拟以支付现金的形式购买澳门卫安、深圳迪特、飞利泰和深圳威大等四家公司全部股权，交易价格合计为6.38亿元。中安消称，交易资金来源为自有资金及金融机构借款。当年11月第三次资产收购随即启动。中安消全资子公司中安消技术以现金1.68亿元，收购上海擎天电子科技100%股权。
进入2016年，中安消的现金并购势头丝毫不减，又先后发起两次重大资产收购。5月，中安消股东大会审议通过以支付现金的形式购买澳洲安保集团100%股权及两处永久物业、泰国卫安股权，交易价格合计为9.78亿元。7月22日，中安消再宣布以现金收购启创卓越、华和万润、中科智能的全部股权，交易总价达17.08亿元。其中，由于启创卓越存在大额预付款事宜，中安消在2017年3月终止了对其的收购。
此外，中安消还在去年10月向实际控制人涂国身控制的深圳科松、明景智能、明景电子，购买了账面净值约985万元的安防业务相关的资产。
一系列的资产并购，均采用了现金支付的形式。除自有资金外，中安消还通过金融机构借款等债务融资方式自筹资金。从公告披露的情况统计，中安消控股股东和实际控制人从2015年起，进行过61次股权质押。期间，中安消发行过两次公司债券，用于偿还金融机构借款和补充流动资金。公司还曾针对支付并购的现金对价，启动过超短期融资券和非公开发行股票，但最终都终止发行。
对于中安消此次再以现金收购境外资产，上证所对交易实施必要性、资金来源进行了发问。交易所要求公司结合十多次现金收购，披露战略规划和经营目标，说明连续实施现金收购是否影响公司正常生产经营。同时还要求公司公布支付现金的筹措安排，明确公司是否存在“短贷长投”、是否存在流动性风险等。
对于上述一系列资产收购，中安消对外宣布的交易目的，是不断拓展安防和安保的产业链，进军海外安保市场。但与之形成对比的是，中安消在借壳上市时置入的主要资产，自借壳完成当年已连续两年未完成业绩承诺。而此时安消以现金支付快速推进资产并购，同时修改业绩补偿的计算标准;这让市场与监管层对中安消“以收购撑业绩”的质疑渐起。
根据借壳上市时签订的利润补偿协议，中恒汇志的置入资产，即中安消技术在2014年至2016年的利润预测数分别为2.1亿元、2.8亿元、3.8亿元，补偿测算以置入资产交易实施完毕后的三年内实现净利润的年度数和各年累计数为准。
然而，就在借壳上市完成的同时，公告显示中安消技术2014年就未能完成业绩承诺，较预测净利润少2581万元，差异率达12.29%。经测算，中恒汇志须补偿1176.84万股。中安消方面称，未实现业绩承诺主要是由于中安消承接的部分安防系统集成项目开工有所延迟而导致。但至2015年，中安消技术再次未实现盈利预测，且差异率进一步扩大。盈利预测实现情况显示，中安消技术当年实现净利润较此前预测少8299.98万元，差异率达29341%。中恒汇志当年应补偿3692.32万股。
值得注意的是，证监会目前已开始收紧对重大资产重组中业绩“失诺”的监管。2016年6月证监会对上市公司业绩补偿承诺的相关问题与解答中，强调业绩承诺是重组方案的重要组成部分，重组方应当严格按照业绩补偿协议履行承诺，不得变更业绩补偿承诺。
面对不达承诺业绩的置入资产、不断趋严的监管环境，中安消以现金收购形式快速推进一系列的资产收购，并悄然将并购标的的未来业绩纳入业绩承诺核算之中。
在去年7月发起对启创卓越等四家公司资产收购时，上证所就曾问询，重组标的未来业绩是否纳入借壳上市业绩承诺核算中。中安消回复称，借壳完成后收购的资产中，除了以香港飞乐为主体收购的香港卫安之外，其他资产的业绩都纳入借壳上市业绩承诺核算。包括深圳威大、飞利泰、澳门卫安、深圳迪特、上海擎天、澳洲安保集团、泰国卫安、启创卓越(现已终止收购)、华和万润、中科智能。
中安消对此表示，中安消技术利用自有资金自行拓展业务实现的内生增长，与收购外部企业达到外延发展，都属于置入资产为股东创造利益最大化的经营行为。在借壳重组评估说明的收入预测说明中，也曾说明借壳后并购发展对业绩产生正面影响。“中安消技术现金购买企业所产生的业绩纳入中安消技术作为借壳置入资产业绩承诺核算的一部分，具有合理性。”
业绩不足、并购来凑，而利用现金收购形式还可以绕开监管层的相关审批流程，置入资产不达业绩承诺的隐患似乎已经消除，但更多的风险却在迅速聚集。
目前，上证所已就标的资产业绩是否计入借壳业绩承诺进一步问询，并直接发问是否存在通过连续收购规避业绩承诺的情形。此外，截至三季报末，中安消的商誉余额为21.53亿元，占公司净资产的比重为72.22%。而此次拟收购的Konsalnet集团因以前并购产生的商誉达1.56亿元，此次收购将增加公司的商誉余额。上证所已要求中安消披露商誉减值的风险。
中安消已发布延期回复上证所问询函的公告，4月21日本周五在上证所召开重组媒体说明会。",http://www.yicai.com/news/5268842.html
2017-04-18 22:17,,辉山乳业两名执行董事辞职 董事会仅剩实控人及失联高管,"4月18日消息，辉山乳业发布晚间公告称，苏永海及郭学研已辞任公司执行董事，目前董事会仅余实控人杨凯及已失联高管葛坤。于本公告日期，仍未能联络到葛坤，由于董事会不符合公司章程所规定的最低董事人数要求，故目前董事未能在一般情况下代表本公司行事。
公告称，郭学研先生已辞任本公司执行董事， 该辞任后，郭 先生亦不再为本公司食品质量与安全咨询委员会成员。尽管从董事会辞任 ，郭学研亦仍 于本集团任职副总裁，主要负责本集团的乳品原料业。苏永海先生正从近期预约进行的心脏手术恢复，因健康理由辞任本公司执行董事。该辞任后亦已不再为本公司之首席财务官、薪酬委员会 、提名委员会及食品质量与安全咨询委员会的成员。
公告还称，于本公告日期，本公司余下董事为杨凯先生及葛坤女士( 仍未能联络 )，且董事会董事人数已减少至低于本公司章程细则所规定最少三名董事的要求。因此，除委任额外董事加入本公司及召开股东大会外，董事会不再能代表本公司行事，直至符合最低董事人数要求为 止。杨凯先生正在采取切实可行的行动，以物色适当人选以填补董事会空缺。",http://www.yicai.com/news/5268848.html
周宏达,,元亨光电股份被挂淘宝拍卖  起拍价“打半折”,"新三板作为全国中小企业股份转让的场所，投资者开通证券账户新三板权限后就可以在上面购买到一万多家新三板挂牌企业的股权。不过最近小编发现在淘宝网上也可以买到新三板企业的股权，而且还比在新三板上的交易价格低，这是怎么回事？
被挂在淘宝网进行交易的是800万股元亨光电(430382.OC)的股份，约占公司总股本的14.8%，原来是深圳市罗湖区人民法院在进行司法拍卖，起拍价为2800万元，大约是这800万股在新三板市值的一半。
元亨光电在淘宝网的拍卖秀吸引了4161次围观，场面火热，甚至还真有一人愿意交280万元的保证金报名参加举牌。反而，在新三板上公司股票的交易不算活跃。虽然元亨光电有6家券商做市报价，是按照创新层的标准配备，但是去年全年交易量才只有25万股，还不如在淘宝上拍卖。当然，新三板有500万元的投资者准入门槛，有资格交易的投资者数量很有限。
按常理被司法处置的资产多为不良资产，但元亨光电作为深市上市公司大族激光（002008.SZ)参股的国家级高新技术企业，业绩表现不俗，LED产品远销海内外。2015年、2016年上半年，元亨光电营业收入分别为3.16亿元、1.77亿元，净利润为2701万元、1346万元，公司也没有涉及到严重的司法诉讼。

原来问题出在元亨光电的第二大股东深圳市元亨能源管理有限公司（以下简称“元亨能源”）身上。元亨能源共持有元亨光电904万股，占总股本16.79%，元亨能源的大股东杜尚勇同时也是元亨广电的董事长。本次司法拍卖的正是元亨能源持有的元亨光电股份。
元亨能源在外面借了高利贷一直没还，去年11月被法院列入失信人了。根据深圳市罗湖人民区法院的一份判决书，元亨能源于2014年10月24日向自然人谢衡借了一笔3500万元的短期借款，期限为30天，利率按照当时基准利率四倍计算为月息1.86%。
但是，元亨能源不仅到期后没有还钱，并且在法院判决元亨能源还本付息之后，仍然不执行，与此同时利息还在继续滚动。罗湖区法院一看怒了，为了让元亨能源偿还借款，法院决定强制拍卖元亨能源持有的新三板公司元亨光电的股份。
元亨能源这种坚决不还钱的态度也是让小编匪夷所思，毕竟元亨能源科室一家实缴注册资本金为1亿元的公司。为了一笔一个月期的高利贷，元亨能源真的不惜失去最有价值的元亨光电股份？难道是公司账上真的没钱了？
无论如何，出来混总是要还的。从去年7月到9月，罗湖区法院连续举行了三场线下拍卖。2016 年 7 月 19 日，罗湖区法院正式拍卖元亨能源持有的418万股元亨光电股票，起拍价格约2300万元，平均每股价格约5.5元，略低于当时挂牌公司的做市股价6元，但是拍卖现场门可罗雀，却无人报名。
首次拍卖宣告流拍后，罗湖区法院又连续进行了两次拍卖，定价一次比一次低，每股价格从4.54元降到3.5元，本来是按照收益法估值，这下要按照净资产估值。但即便如此，仍然没有一个人报名竞拍。
理论上，要是以3.5元成本拍下，转手到新三板卖出就一倍的赚头。但是吃瓜群众并不买账，案件执行陷入僵持。
就在这时，一则消息打开了法院的心扉。市场上出现了首例新三板股权拍卖成功案例，拍卖不是在线下，而是在淘宝网。2016年12月，吉林昊融持有的东海证券(832970.OC)的1亿股股权通过淘宝网司法拍卖，吸引了2万人围观，8人竞拍，最终以总价13亿元成交，溢价近27%。
“互联网+”的力量让人们看到了希望，罗湖法院也决定转战淘宝网。今年4月10日，罗湖法院在淘宝网上进行第四次元亨光电股份拍卖，诚意十足，拍卖数量达800万股，约占元亨光电总股本的14.8%，起拍价为2800万元，平均价格低至3.5元/股，大约是市价的半折。保证金也从500万元调到280万元，切切实实地降了门槛。
果然，淘宝的效果就是不一样，拍卖吸引了4161次围观，有3人设置拍卖提醒，而且还有一人真金白银掏出280万高额保证金报名参加此次拍卖。就在关键时刻，拍卖被深圳市中级人民法院临时叫停，原来案子又被告到深圳中级法院，法院已经受理，所以本案暂缓执行监督程序。
目前元亨光电股权第四次拍卖在淘宝网显示为暂停状态，不排除重新启拍卖的可能。元亨光电也公告称，公司将密切了解拍卖的进展，提示投资人对本次拍卖保持关注。
不过，元亨光电到底值多少钱还是个未解之谜，公司股票在二级市场做市报价从去年7月的6月，一路上涨到目前的6.7元，3月最高触及7.05元。
但同时，元亨光电完成了新一轮定增，发行261万股，发行价格为4元，不过发行对象全部为公司高管和核心员工。公司表示，股票发行价格是综合参考了公司所处行业、成长性、每股净资产等多种因素，与认购人沟通后确认的。财报显示，截至去年6月30日，公司每股净资产为2.98元。
（第一财经实习生王天然对本文亦有贡献）",http://www.yicai.com/news/5268832.html
王娟娟,,华豚横刀夺“爱”均瑶回击 爱建集团股权争斗一触即发,"借定增之举，均瑶集团距离拿到爱建集团控制权仅有“一步之遥”，却意外杀出个看准爱建集团金融牌照的华豚。双方“你来我往”，相继抛出增持计划，对第一大股东的交椅互不相让。而爱建集团目前的第一大股东上海工商界爱国建设特种基金会(下称“爱建基金会”)则以公开声明方式力挺均瑶集团，围绕着这家股权分散的老牌金控上市平台的股权争夺战一触即发。
4月17日晚间，爱建集团发布三份重要公告，在宣布公司17亿元的定增方案终于过会的同时，公告了均瑶集团“未来12个月内增持不低于3%股份”的计划，这一增持计划在外界看来，为的就是阻击上述“门口的野蛮人”。在此前的一周内，上海华豚企业管理有限公司(下称“华豚企业”)及其一致行动人广州基金国际股权投资基金管理有限公司(下称“广州基金国际”)闪电增持爱建集团，触及举牌线并明确拟以第一大股东的身份，改组爱建集团目前董事会，主导上市公司。
对于这一新晋的举牌方，爱建集团方面在接受第一财经记者采访时表示“意外”，按照原定的增持计划，定增实施后，均瑶集团将以17.67%的持股接力上海国资委，成为公司的实际控制人。面对突然杀出的“野蛮人”，爱建基金会选择与均瑶结盟，并表态“考虑采取包括但不限于与均瑶集团形成一致行动关系等措施”。
不过，对于爱建的实际控制权，华豚一方未有退让之意。华豚企业董事长顾颉在接受第一财经记者采访时表示，公司将在合规之下，第一步先完成2.1%的增持计划，后续增持资金亦有安排，将根据市场以及均瑶集团的情况而定。对于下一步的增持计划，第一财经记者亦试图联系均瑶集团董事长王均金，但截至发稿未有回应。不过，仅以目前爱建集团的股价与股权机构来看，拿下上市公司控制权，华豚一方或将付出数十亿成本。
“虽然爱建旗下的证券、信托等的资质都比较一般，但和其他的地方金控平台相比，它手里有多张金融牌照，且股权分散增持压力小。”如一长期跟踪爱建集团的非银分析师所说，华豚之所以闪电增持爱建集团，盯上的就是后者手中的金融牌照，尤其是核心的信托牌照。
年报信息显示，爱建集团平台目前旗下共有6家核心子公司，包括爱建信托(持股99.33%)、爱建资本、爱建资产管理公司、爱建融资租赁公司、爱建财富管理公司及爱建产业发展公司。其中，爱建信托为2016年实现净利润5.79亿元，为爱建集团贡献了超九成利润。
对于看上爱建集团的牌照，华豚一方也并不避讳。顾颉告诉第一财经记者，作为老牌金融集团，爱建集团的金融牌照，尤其信托牌照非常有吸引力。
“从公司的发展经历来看，爱建集团的法人治理结构不是很完善，广州基金国际和我们也有约定，准备未来把公司打造成全牌照的金融集团。”顾颉表示。
华豚企业的此次举牌有备而来。第一财经记者查阅工商资料发现，华豚企业成立于2014年7月，于今年4月1日进行了增资扩股，引入了背靠广州国资委的广州汇垠天粤国际，形成了顾颉持股33.34%(法定代表人)、华豚集团持股33.33%、汇垠天粤持股33.33%的股权结构。而汇垠天粤则为广州基金国际的控股股东，同样隶属广州市国资委。
按照顾颉所说，4月1日的增资扩股为的就是举牌爱建集团。汇垠天粤董事长闵飞则强调，本次增持获得了广州市国资委的支持。接近广州基金国际的人士亦对第一财经记者表示，实际上这一举牌透露出的或是广东国资想在金融领域亦有所新作为。
虽然顾颉一再表明，本次举牌并未有做“门口的野蛮人或者妖精”之意，但仍然难以打消外界的疑虑，对于增持资金的来源质疑亦未消除。对此，顾颉回应称，目前增持资金均来自于华豚企业的注册资本，后续增持资金亦有安排。工商信息显示，华豚企业注册资本合计27亿元。
对于爱建集团目前的经营现状，华豚一方认为，爱建集团目前已落后同期拿到牌照的其他的老牌金融集团。若华豚一方成为爱建的第一大股东，改选董事会，调整法人治理结构势在必行。
以目前爱建集团的董事会席位来看，显然上市公司以及爱建基金会与均瑶集团暂为盟友。公开信息显示，爱建集团目前的6名非独立董事中，有三名为均瑶集团推荐，且均瑶集团董事长王均金已于2016 年7 月当选为爱建集团董事长。
实际上，早在2015年，均瑶集团就开始谋划取得爱建集团控制权。2015年8月28日，均瑶集团与上海国际集团签订股权转让协议，协议受让爱建集团7.08%股权。随后11月，爱建集团公司公告定增方案，向均瑶集团、王均金、王均豪非公开发行非公开发行1.8亿股，购买其合计持有的均瑶乳业99.8125%股权。
2017年1月25日，爱建集团调整方案为发行1.85亿股，共募资17亿元。12 亿元用于向爱建信托增资，4 亿元通过爱建信托投资创投项目，1 亿元用于偿还银行借款。而定增若完成，均瑶集团的持股比例将上升至17.67%，为第一大股东。且爱建集团6个非独立董事席位中均瑶集团有权推荐5 名候选人。
上述分析师认为，从持股比例上来说，如果定增顺利，对于拿下爱建集团控制权，均瑶集团更为有利。就在华豚集团宣布举牌后第二天，均瑶集团亦公告，计划于未来12 个月增持爱建集团股份不少于3%。而作为爱建集团当下的大股东，爱建特种基金会明确支持均瑶集团取得上市公司实际控制人地位，并表达了对华豚集团的“警惕”。
“若相关股东进一步增持股份,且其后续行为对上市公司稳定发展产生不利影响的,本基金会将在符合相关法律法规以及信息披露要求的基础上,考虑采取包括但不限于与均瑶集团形成一致行动关系等各项积极措施,以全力支持爱建集团的后续发展。”爱建集团方面表示。
对于持股比例的争夺，华豚一方与均瑶集团均不相让。“若对方继续增持，我们也有信心继续增持。”4月18日下午，华豚方面对第一财经记者这样表示。仅以目前爱建集团的股权结构和股价来看，若爱建基金会与均瑶集团结成一致行动人，两方持股19.38%，华豚一方想拿下控制权则需要近30亿元。
另有非银分析人士对第一财经记者表示，目前爱建集团两方争夺控制权的局面，或对其复牌后股价走势有利，一干基金将搭顺风车获利，但股价水涨船高对于增持双方来说成本均不可避免上升，争斗局面将走向何方仍难预测。",http://www.yicai.com/news/5268836.html
黄思瑜,,李福成“嫌”福成股份股价不理想 放弃减持引来市场猜测,"因股价未曾到达理想价位，福成股份(600965.SH)实际控制人之一李福成的减持计划最终未予兑现。而这一个直截了当而又似存隐性信号的理由也引来市场诸多猜测。
李福成的减持计划是于去年9月19日公布，当时的减持底价定为13.58 元/股，而在减持计划期间，福成股份的股价曾最高涨至16.86元/股。以每股9元左右的成本价计算，李福成在减持计划期间的获利金额最大可达到2亿元左右。然而李福成并未有所心动。
对于此次公布的减持理由以及背后是否有其他原因，市场存有诸多猜测，比如，减持的理由似乎有向市场传递股价存上涨预期的信号，是否有沾染雄安概念推高股价预期。对此，福成股份内部人士回应称，李福成仅是反应自身的真实想法，该公司与雄安新区并无关联，也并不想往该概念上靠。
一位证券律师表示，虽然福成股份有向市场释放股价上涨预期的嫌疑，但并不好定性，股东表达对企业充满信心类的话也属正常。
4月17日晚间，福成股份的一份减持计划进展公告引起市场注意，重点在于那句不减持的理由。
根据公告内容，李福成原计划减持不超其所持公司股份总数的25%，但由于该公司股价未曾到达李福成的理想价位，故李福成尚未兑现减持计划。
福成股份是去年9月19日抛出李福成的减持计划，李福成因个人资金需求，拟通过大宗交易或集中竞价交易的方式进行减持，通过大宗交易减持需在今年3月23日之前完成，以集中竞价交易方式减持则需在今年4月18日之前完成。当时，李福成持有该公司1.28亿股，占总股本的15.65%;其中持有流通股1.1亿股，占总股本的13.49%。
事实上，当时李福成也给出了减持的底价，即不低于福成股份2016年9月19日收市后股票收盘价13.58 元/股。而在减持计划期间，福成股份的股价曾最高涨至16.86元/股。
“那会每股股价达到16元多的时候，他都不想卖，他都觉得低，后来股价下来了，他就一直也没有动静。”福成股份内部人士向第一财经表示。
而李福成持有福成股份的持股成本在9元左右。具体来看，2013年12月份，李福成通过定增认购福成股份1358.21万股，认购价格为5.96元/股，解禁期为2016年12月11日;2014年7月，因福成股份实施每10股转增3股方案，李福成持股增加至1765.67万股;2015年7月28日至2015年8月27日股灾期间，李福成累计增持 1000.677万股，平均持股价格为10.896元/股;2015年12月24日，李福成通过协议转让受让福成投资集团有限公司约1亿股流通股，受让价格为9.25 元/股。
如此看来，若以16元/股的价格来套现，李福成在减持计划期间的获利金额最大可达到2亿元左右。然而李福成并未有所心动。上述内部人士表示，他(李福成)应该是对企业继续看好，如果不减持的话，可能通过其他途径来筹集资金，他自己有别的投资需要钱。
对福成股份而言，上述减持计划曾让该公司股价有所波动。“当减持这个信息出来之后，股票上涨了一波行情，当时市场预期这么大的减持背后可能会有一个资金量很大的接盘方，存有一个想象空间，但涨到16元左右时还没减持动静，之后股价一直往下跌，减持又像一把利剑悬在头上。”上述内部人士描述当时的市场反应时表示。
如今这一减持计划到期并搁浅。福成股份公告称，目前，李福成因个人身体健康原因及为培养家族事业接班人，已辞去该公司董事职务。根据有关规定，李福成自2017年3月21日辞去公司董事职务后六个月内不转让其所持有的公司股份。
然而，市场对李福成公开的不减持理由以及是否背后还有其他原因存有诸多揣测。
“没减持的原因有可能是看好雄安新区概念对福成股份构成利好。”有投资者猜测，设立雄安新区的消息出来后，该股涨幅并不及其他雄安概念股，可能是想以此吸引市场的注意力。
根据二级市场盘面情况，在雄安新区的消息出来之后，涉及房地产、基建等方面的雄安概念股集体爆发，而福成股份清明节后首个交易日(4月5日)上涨逾5%，并未如其他概念股一样涨停，第二个交易日便下挫逾4%，第4和第5个交易拔高上涨后再一路下滑。截至4月18日，该股收报13.08元/股。
对此上述内部人士表示，该公司在雄安新区并没有土地，目前在那里也没有开展业务，“雄安新区跟我们应该是没什么直接关联”，公司也没有想往雄安新区概念股上靠。
据悉，4月11日下午，河北省金融办会同河北省证监局，约谈了全省52家上市企业主要负责人，提出稳定股价，严防不良炒作等要求，稳定资本市场，为雄安新区建设营造良好的金融生态环境。
也有市场人士认为，“股价未曾到达理想价位”这一不减持的理由似乎有向市场传递股价存上涨预期的信号，暗藏煽动投资者去买入之意，而目前监管层正在严打市场操纵行为。
“这不至于，那个减持理由是他(李福成)自己的一个真实想法。”上述内部人士表示，该公司发这个公告是因为减持期限到期了，必须要发公告，而且李福成也认为现在股价处于低位。
此外，有观点认为，可能是目前该公司在培养接班人，后续有打压股价计划，以让接班人低价增持，再拉高股价。但上述内部人士表示，这个不太现实，李福成家族持有福成股份超过60%，不可能会再从二级市场上增持股份。
对于李福成的减持理由，一位证券律师表示，虽有向市场释放股价上涨预期的嫌疑，但并不好定性，股东表达对企业充满信心类的话也属正常。
福成股份目前为畜牧养殖及屠宰、食品加工行业，餐饮服务行业，殡葬服务行业的多主业格局。该公司一季度业绩快报显示，营业收入为3亿元，同比下降11.73;净利润为2477.04万元，同比下降39.24%。
上述内部人士表示，未来公司的发展重心将慢慢倾向于殡葬服务业，前两个业务将会慢慢削弱化，因为殡葬业风险较小，预期收益、毛利率均较为稳定，而畜牧养殖和食品安全方面均存在不可控的风险。",http://www.yicai.com/news/5268819.html
江怡曼 尹婧霏,,炒作雄安股套现25亿元  “最牛营业部”操作路线曝光,"炒作雄安概念股者众，可是如“最牛营业部”一般、套现25亿元则实属少见。
冀东水泥、京汉股份、荣盛发展、金隅股份——这些股票可谓本轮雄安概念股炒作中名气“如雷贯耳”的大龙头，而这些龙头股被一家叫做华泰证券北京西三环北路的营业部悉数捕获，并且在最近几个交易日内成功实现大手笔卖出套现，仅仅4月17日就顺利套现了15.42亿元，前后共计卖出雄安概念股套现25.21亿元。
4月18日，第一财经记者来到这家营业部实地探访，发现该营业部聚集了不少个人投资者。该营业部工作人员表示，上述这么大的交易量他们也很少看到。
从公开信息中可以看到，该营业部近期的“战果”还远不止雄安概念股。自3月份以来，该营业部就热衷于“炒地图”，除了雄安概念之外，还操作了粤港澳、一带一路概念的热门股，从走势来看，这些股票的股价都出现过大幅飙涨。
第一财经记者来到位于世纪华贸大厦A座的华泰证券北京西三环北路营业部时候，看到有不少个人投资者正在营业部内。该营业部一共有两层区域，一楼的面积仅有十余平方米，有客户经理正在为投资者办理证券账户的开户。三楼的营业厅则更为宽敞，以走廊为分界线分为两大办公区，一个办公区主要为股民办理融资融券等业务，另一大区域有几间大户室接待资金量在几千万元以上的大户。
“在我们营业部如此大手笔的交易也很少见，不然也不会上榜龙虎榜。”该营业部的一位客户经理告诉记者，一般个人投资者很少有这么大的资金量，一般的私募游资也很难做到这么大的量，总体来说，一家私募机构的日交易金额超过2亿元就算比较大的了。
但该客户经理并未向第一财经记者出示相关交易明细：“我们不能查阅相关账户的交易人和建仓时间等交易情况。”同时，该客户经理表示他们可为前来炒股的股民提供融资融券、民间配资等杠杆操作，从他了解到的情况来看，炒作雄安概念股的投资人如果想加杠杆，很少进行民间配资，往往是通过融资融券来进行操作。
4月17日，多只雄安概念股复牌，但是股价已经出现了明显分化，当天荣盛发展下跌了7.4%，冀东水泥下跌了4.48%，而京汉股份依旧上涨了7.39%，金隅股份继续涨停，但已非“一字涨停”那么坚决。
而这几只雄安概念股都和这家华泰证券北京西三环北路营业部有着关联，4月17日，该营业部在京汉股份上的净卖出金额为60178.11万元，占总成交的比例为9.93%，排在卖出席位的第一位。
该营业部4月17日还卖出冀东水泥34050.12万元，卖出金隅股份61078.14万元，上述三笔交易当天合计净卖出了15.42亿元。再加上该营业部之前几个交易日在荣盛发展上的多笔卖出，该营业部合计卖出雄安概念股套现25.21亿元。
在该营业部撤退后的第二个交易日，也就是在4月18日，无论是京汉股份、冀东水泥还是金隅股份，股价表现不振，分别出现了跌停，下跌8.28%和下跌4.74%，该资金的逃离可谓相当精准。
从4月7日至4月11日，雄安概念股炒作正处在热火朝天的时候，该营业部不停操作荣盛发展，从4月7日、4月10日、4月11日，分别净卖出了荣盛发展49364.46万元、24302.69万元、24264.74万元，合计卖出了9.79亿元。
上述客户经理表示：“资金应该是很早就开始一点点建仓买进雄安概念股，否则若是提前几日大幅买进相关股份，这样的大手笔也应该会出现在龙虎榜中。主力资金出逃冀东水泥、京汉股份和金隅股份，这或与前几日强监管密切相关。”
“从这个营业部的操作路线可以有一个大致推测，从4月7日之后的几个交易日之内，这个营业部主要是操作了荣盛发展，好几笔都还是涨停卖出，卖得有点早，之后又买进去冀东水泥、京汉发展等几只股票，但在雄安概念股风险转变之后就马上卖出，非常果断。”上海市某资深市场人士表示，至于为何会如此精准把握住雄安概念龙头股的原因，就不得而知了。
记者了解到，该营业部上榜龙虎榜的次数总体不多，除了上榜雄安概念股炒作之外，还在4月12日操作过粤高速A，当天合计净买入692.41万元，就在这一天粤高速A因为突然崛起的粤港澳概念而出现涨停。
事实上，这一资金量与其在雄安概念股上的投入相比可谓“小试牛刀”，可见该资金对于雄安概念更加认可。
此外，该营业部还在3月22日操作过西部建设，当天的卖出净额为1642.21万元。这一天，西部建设的股价同样出现涨停，涨停卖出已经成为该资金出货的惯用手法。
西部建设近期的股价也出现了大幅度的上涨，股价上涨主要还是因为其具有“一带一路”概念，而这一概念和雄安以及粤港高概念一样，同样都是属于目前A股市场上相当火热的“炒地图”。
而和3月份以来明显的“炒地图”操作路线不同的，早在之前该营业部还买入过汇纳科技、东北制药、顺发恒业等股票，相对来说，那个时候还并没有统一的风格。",http://www.yicai.com/news/5268828.html
2017-04-18 21:37,,英国突然提前举行大选 美股三大股指开盘低迷,"4月18日消息，英国突然宣布提前举行大选叠加高盛公布的糟糕的财报以及日趋紧张的朝鲜半岛局势，美股三大股开盘走低。标普500指数低开8.84点，跌幅0.38%，报2340.17点。 道琼斯工业平均指数低开89.81点，跌幅0.44%，报20547.11点。 纳斯达克综合指数低开19.78点，跌幅0.34%，报5837.01点。
消息面上，英国突然要提前举行大选，欧股全线走低， 英国富时100指数跌幅进一步扩大至2%，创去年6月英国公投脱欧以来最大跌幅。 英镑兑美元突破1.27关口，创四个月新高。
英国首相May称，议会当前存在分裂，更晚选举可能导致英国退欧谈判受到阻碍，自己最近才不情愿地选择举行选举。她称，将在周三向议会提出6月8日举行选举的动议。
美国副总统彭斯表示，将与盟国协作对朝鲜施加经济与外交上的压力。今天对于美日经济关系而言开启了全新的时代。美日两国均可拥有促进经济增长的货币政策与预算政策。
特朗普今天将签署新移民签证令，特朗普新的移民签证令将提高对外籍技术工人的要求，要求联邦政府部门进行改革，确保H-1B签证授予了技能、薪酬最高的申请人。
美国财政部长史蒂文.姆努钦表示，由于美国国会共和党废除“奥巴马医改”的努力遭遇重挫，特朗普政府的税改时间表或将有所推迟。
公司消息方面，苹果最快准备秋季推出3款iPhone.苹果计划升级现有的两款iPhone，并准备推出一款外观作出大幅调整的新iPhone。另外，苹果公司可能于5月份开始生产两款新iMac。
58同城网公布从腾讯控股融资2亿美元的协议，该融资将投资于转转APP。
Cardinal Health股价盘前跌幅近17%，稍早公司宣布将61亿美元现金收购Medtronic旗下病患监测与看护业务。
高盛一季度EPS 5.15美元;一季度交易业务营收33.6亿美元，预期36.2亿美元;一季度固收业务营收16.9亿美元，预期20.3亿美元;一季度投行业务营收17亿美元，预期15.6亿美元。盘前跌近3%。",http://www.yicai.com/news/5268807.html
张苑柯,,“股神”巴菲特看好美国房市 中国客户成最大买家,"北京时间4月18日，巴菲特旗下伯克希尔哈撒韦(Berkshire Hathaway)的子公司之一，总部位于加州尔湾(Irvine)的伯克希尔哈撒韦地产服务(Berkshire Hathaway HomeServices，下称“HomeServices”)宣布与居外网达成协议。据HomeServices公告，公司已将其代理的住房广告同步至居外网页面。
居外网中国区总经理葛奕婕对第一财经记者表示，“此次与HomeServices的合作，使后者多达14万条美国住宅房源能够在居外网上向中国及世界华人买家以中文呈现，将可以更好地满足中国消费者的需求，并增进买家的知情选择权”。
根伯克希尔哈撒韦的最新年报，HomeServices旗下共有38家不动产公司，拥有超过29000名经纪人，超过375家加盟商。作为能源业务附属子公司的Berkshire Hathaway HomeServices贡献利润攀升22%至1.27亿美元。然而，巴菲特在2013年曾表示，伯克希尔哈撒韦在2000年购买这项能源业务时，他表示“甚至都没注意到HomeServices，后者当时只拥有少数几家房地产经纪公司。”
总部位于上海和香港的居外网，在英国、美国、加拿大和澳大利亚亦设有区域分支机构。据官方数据，居外网作为全球最大中文国际地产门户网站，展示了来自 89个国家的 250 万套房源，每月来自中国和世界各地的访客数量超过200万人次，此次与HomeServices达成协议后，两家公司将共享居外网的客源。
记者从内部人士出获悉，不同于其他房产公司，HomeServices将以各地区分公司为单位，逐一独立出现在居外网的美国房产中介页面中，昨日位于亚特兰大的分公司(Berkshire Hathaway Home Services Georgia Properties)已经率先入驻，最终全部房源数预计将达14万条。
除HomeServices之外，专注为中国及世界华人买家提供海外房源的居外网，4月份还有几家重要联盟。四月初，居外网与香港新兴的房源网站okay.com建立策略联盟，目前已有超过700套的香港房源在居外网上线。
同月，居外网与世界上最大的国际房地产经纪公司瑞麦地产(RE/MAX)澳大利亚公司及瑞麦地产新西兰公司签订了更新的合作协约，两家公司的海量英文房源将继续自动上载到居外网，且两家公司经纪人可独立上传中文的房源信息。“腾讯居外海外房产频道也正式启动。近期会有来自65个国家的13万条房源信息向腾讯网的用户呈现。下一步，传播渠道将可望扩大至微信。”葛奕婕称。
“中国已经超越来自其他国家的客户，成为除了美国本土居民以外的美国地产最大买家，”HomeServices公司首席执行官吉诺布莱法利(Gino Blefari)在公告中表示。
根据居外网数据，美国是历年来中国买家最感兴趣的购房目标地，在 2010年至2015年间，中国买家购买的美国房地产总值至少达到3500亿美元。“2016 年至 2020 年，中国买家将在美国现房市场中投入至少2180亿美元，在世界其他各地的投资也将具同样幅度。” 葛奕婕进一步表示。
居外网现已基本囊括了海外主要购房市场主流房地产公司的房源，中国买家可以在中国网站环境中获取中文的海外房源信息，经纪人联系方式、以及海外购房指南等。第一财经记者从居外网内部人士出获悉，公司计划于未来12个月内在澳大利亚股票交易所(ASX)上市。
中国买家赴美购置住房的热情近年来居高不下。根据美国房地产经纪人协会(下称“NAR”)公布的数据，2014-2015年中国买家在美国房产市场的购房数量位居国际买家首位。美国最大的地产平台Zillow数据亦显示，2016年全美房价上涨了4.8%，2017房价将继续上涨3.6%。
2016年7月NAR发布的报告显示，包括中国大陆、台湾和香港在内的中国买家，已经连续第二年成为美国住宅房地产最大的买家。2015年4月到2016年3月期间，海外购房者在美国购置的住宅房产总价值高达1026亿美元，其中中国买家购置的物业多达29195处，总价值近273亿美元，占海外购房总价的26.7%，远超位居第二的加拿大买家购置房产总额(89亿美元)。
数据来源：《美国房地产经纪人协会2016国际住房购买行动报告》
值得注意的是，海外买家在购置美国房产时，更青睐于相对高价的房产。NAR报告显示，2016年海外买家购置美国房产的成交均价为47.75万美元，远超出美国房屋的成交均价26.67万美元。其中，有10%的非本土买家购置超过100万美元的房产。
数据来源：《美国房地产经纪人协会2016国际住房购买行动报告》
2017年购房贷款将进一步放松，使得更多的人能够达到购房门槛。美国地产网站Redfin认为，2017年房利美、房地美将提高贷款的封顶额度，让买家能利用更多杠杆，买到价格更高的房屋。
然而，市场有观点认为，美联储的加息预期使得抵押贷款利率攀升，或许会影响购房需求。美国经济学家凯勒·威廉姆斯(Keller Williams)表示，今年的贷款利率可能会缓慢上升，除非经济形势发生变化，但目前美国房价从历史价位来看，仍属于可负担范围。
今年2月，居外网的海外房源访问量继续上升，其中是新兴的海外房市场如泰国和马来西亚，录得89.3%和69.4%的同比增长率。对传统的海外购房目标国加拿大、美国和英国，房源访问上涨分别为47.2% 42.4%和 32.5。中国人海外购房脚步不仅没有放缓，反而加快了。
葛奕婕亦表示，2017年中国人海外购房有三个大趋势。趋势一，是购房预算调低：100万与500万美元间的房源最受关注。居外数据显示20.7%的中国买家去年咨询的房产在1-5百万美元之间。
趋势二，中国买家将力争海外银行贷款。“虽然美国房的中国买家中有71%的人去年是全额付款，根据美国某些房地产公司的资料，今年以来，50%的中国买家利用了美国的银行贷款，而美国银行在这方面也作出了快速响应，推出了一些举措吸引外国的购房买家。”
趋势三，虽然中国居民现在按规定不能以购房为目的来换汇，但是留学、旅游和海外医疗依然没有受到限制，而这些海外消费最终也会促进中国人对海外房的需求。葛奕婕进一步解释，中国的海外房产买家中有52%在寻找学区房，而8%的中国富裕人群有意送子女出国读书。海外医疗旅游更是方兴未艾，2015年，中国人在这方面的花费达到100亿美元，中国人同时也在医疗保健热门国家如美国、加拿大、日本、泰国和新加坡寻找相关物业。",http://www.yicai.com/news/5268815.html
2017-04-18 21:11,,期货夜盘丨大宗商品普遍飘绿 黑色系领跌,"4月18日消息，国内期货市场夜盘开盘，黑色系领跌，螺纹钢、热轧卷板、铁矿石分别低开1.7%、1.3%、2.5%; 焦炭、焦煤分别低开2.2%、1.6%。动力煤平开。
对于铁矿石价格的弱势行情，有业内人士透露，少数小型贸易商资金成本压力加大，有低价抛售自身现货资源的操作，拖累现货价格出现断崖式下跌。
方正中期期货指出，由于前期采购粉矿成本过高，为降低原料成本提高利润，钢厂近期对低价资源采购量增加，不过下游成材出货未出现好转，价格继续大幅下跌，因此黑色系陷入恐慌抛售阶段。展望后市，方正中期期货认为，3月钢材出口降24.2%，而矿石进口量增11.4%，地产调控升级，汽车产销疲软，铁矿供需两弱，长期下行趋势难以缓解。铁矿石期货1709合约承压5日均线回落，短期下行趋势得以缓解，但上涨动力不足，操作上维持逢高沽空思路。
消息面上，郑商所18日公布，对2017年保险+期货服务三农试点建设工作予以支持，试点品种为棉花及白糖，试点区域为品种主产区。对于符合条件的贫困地区试点及获得政府补贴支持的试点，郑商所将予以优先立项。在做好风险防范工作的前提下，棉花及白糖试点现货规模应分别不低于1000吨及3000吨。试点项目承保周期应处于农作物市场年度内，且不低于3个月。试点结项日期为2018年3月31日。
同时据彭博引述知情人士透露，上海国际能源交易中心(INE)在会上对交易员和经纪机构表示，中国石油期货合约最早或在7月份准备就绪。
知情人士表示，INE说交易规定预计很快会获得中央政府批准。
上海国际能源交易中心是上海期货交易所的附属公司;INE石油期货合约原定于2015年底启动。上海期货交易在回答提问的电子邮件中表示，目前还没有上市时间表，INE正在按要求准备挂牌交易石油期货。",http://www.yicai.com/news/5268782.html
2017-04-18 19:01,,新华网回复上交所：具有实施送转方案的条件 明日复牌,"4月18日消息， 新华网昨日拟10送10转5遭上交所火速问询后，今日发布晚间公告回复称，经过五年的发展和积累，净利润由1.31亿元增长至2.80亿元，分别增长 977.17%、389.57%、113.74%，结合公司未来发展规划，公司认为具备再次扩充股本条件，新华网具有实施送转方案的条件。通过扩大股本，有利于改善新华网股本结构，有利于增强公司股份流动性，有利于增强新华网行业竞争力，有利于公司做大做强做优，更好地回馈投资者。股票4月19日开市起复牌。
昨日新华网公布2016年年报，公司实现营业收入13.61亿元，同比增长36.47%；实现净利润2.80亿元，同比增6.78%。公司拟10送10转5，收到交易所问询函，需补充说明此次大比例送转是否与公司经营业绩的增速相匹配，是否有利于公司的长远发展，并充分提示风险。为避免造成公司股价异常波动，经公司申请，公司股票自2017年4月18日起停牌。
就以上问题，今日回复公告称，公司自2011年变更设立股份公司至今，仅实施过一次资本公积转增股本方案，即2012年4月向公司全体股东每10股转增6.3股，转增完成后注册资本增加至15,570.88万元。经过五年的发展和积累，净利润由1.31亿元增长至2.80亿元，分别增长 977.17%、389.57%、113.74%，结合公司未来发展规划，公司认为具备再次扩充股本条件。 
同时目前新华网流通盘仅5190万股，  总股本2.08亿股，与同业上市公司相比规模偏小。通过扩大股本，有利于改善  新华网股本结构，有利于增强公司股份流动性，有利于增强新华网行业竞争力， 有利于公司做大做强做优，更好地回馈投资者。
公告还回复称，公司持股 5%以上股东为新华通讯社，新华通讯社为公司控股股东、实际控制人，新华通讯社及其一致行动人中国经济信息社、中国新闻发展深圳有限公司持有的新华网股票限售期为36个月，上市流通日期为2019年10月28日，未来六个月不存在限售期即将届满的情况，也不存在减持计划。",http://www.yicai.com/news/5268692.html
2017-04-18 19:32,,中国联通：拟通过定增引入战投 正向政府部门咨询意见,"4月18日消息，中国联通晚间公告，公司控股股东联通集团拟以公司为平台，筹划并推进开展与混改相关的重大事项。目前，此次重大事项正在向有关政府部门咨询意见。公司拟通过非公开发行股份等方式引入战略投资者，但具体实施方案涉及多个政府主管部门的事前审批程序，还存在不确定性。公司股票继续停牌。
公告称，因中国联合网络通信股份有限公司控股股东中国联合网络通信集团有限公司拟以本公司为平台，筹划并推进开展与混合所有制改革相关的重大事项，本公司股票已于2017年4月5日起停牌。
截至本公告发布之日，本次重大事项正在向有关政府部门咨询意见。本公司拟通过非公开发行股份等方式引入战略投资者，但具体的实施方案涉及多个政府主管部门的事前审批程序，还存在不确定性。为保证公平信息披露，维护投资者利益，避免造成公司股价异常波动，经公司申请，公司股票自2017年4月19日起继续停牌。公司将尽快确定相关交易实施方案，并在本次股票停牌之日起的5个交易日内（含停牌当日）公告项目进展并明确停复牌情况。",http://www.yicai.com/news/5268700.html
2017-04-18 18:43,,中国恒大再现大手笔回购 超8亿港元回购9540万股,"4月18日消息，中国恒大今日在港交所发布公告称，以8.162亿港元回购9540万股股份，每股回购价格区间在8.44-8.63港元，而此前中国恒大已斥资17.4亿港元回购2.03亿股。
中国恒大曾发布公告称，于2017年4月13日斥资约17.4亿港元回购2.03亿股，占已发行股份1.475%，每股回购价格区间在8至8.73港元。同时这也是今年来恒大第一笔大手笔股票回购，有业内人士认为，恒大股价表现强劲，此番再大手笔回购，凸显了其对公司未来发展的信心。
值得一提的是，受雄安新区、大湾区概念等影响，内房股近期颇受追捧。其中，不久前公布了凸出业绩的中国恒大在短短约数个交易日，股价累计升幅达3成，最高曾创8.78港元历史新高。截至今天收盘，中国恒大报8.62港元每股，涨4.11%。",http://www.yicai.com/news/5268677.html
2017-04-18 18:53,,晚间公告丨干货！今日晚间重要公告速读（更新中）,"4月18日晚间，沪深两市多家上市公司发布公告，以下是重要公告摘要，供投资者参考：
2017年4月14日，*ST匹凸接到控股股东上海五牛股权投资基金管理有限公司通知，五牛基金及其一致行动人通过交易系统增持了公司部分股票。目前，券商正在准备《收购报告书》等相关材料，公司股票自2017年4月19日开市起停牌，待披露《收购报告书》等材料后复牌。
嘉寓股份发布股价波动风险提示公告称，公司未在雄安新区雄县、容城、安新三县设立实体法人机构，在三县范围无在建项目，未参与三县范围内项目的招标，设立区域总部不意味公司可以获得当地项目，仅属于公司内职能调整。拟设立研发中心仅属于投资意向，不意味公司能够获得有关部门批准，新区规划对公司短期业绩没有实质性影响。公司拟设立的区域总部、研发中心，未来经营业绩、发展空间均存在较大不确定性。
幸福蓝海与IMAX公司签署合作协议，公司与IMAX公司约定，将在2021年12月15日之前新增租赁40套IMAX影院系统。协议的签署将使公司成为IMAX全球第五大以及亚太地区第三大院线合作伙伴，有助于公司院线的市场份额的快速提升。
华夏幸福公告，公司与华为签署《战略合作协议》，双方将在全球范围内就华夏幸福开发承建的产业新城、产业小镇、城市综合体、公司办公信息化建设等方面进行全方位合作，共同推动公司产业新城范围内智慧城市、智慧园区、智慧楼宇等业务的发展。
*ST昌九公告，受航美传媒集团股东的委托，京都律师事务所向*ST昌九发来律师函。此前，航美传媒集团及其全资子公司，拟收购*ST昌控股股东昌九集团100%股权。但上述律师函显示，航美传媒集团存在伪造董事会及股东会决议、曾因犯罪被罚、私自签署交易合同等问题，因此上述交易不符合相关规定，上述委托人要求停止交易。对此，*ST昌九表示已委托法律顾问进行核实。
民生银行晚间公告，近日，本公司发现北京分行航天桥支行行长张颖有涉嫌违法行为，立即向公安部门报案。目前，张颖正在接受公安部门调查,本公司已成立工作组，积极协助公安部门侦办。针对媒体报道的涉案金额及具体案情正在调查过程中，本公司力争尽快查明事实。
新华网2016年度分配预案为：每10股送红股10股，转增5股。公司回复上交所高送转事项问询函称，经过五年的发展和积累，净利润由1.31亿元增长至2.80亿元，分别增长 977.17%、389.57%、113.74%，结合公司未来发展规划，公司认为具备再次扩充股本条件，具有实施送转方案的条件。通过扩大股本，有利于改善新华网股本结构，有利于增强公司股份流动性，有利于增强新华网行业竞争力，有利于公司做大做强做优，更好地回馈投资者。股票4月19日开市起复牌。
广州港公告，公司股票4月17日、4月18日连续2个交易日内收盘价格涨幅偏离值累计超过20%, 属于股票交易异常波动的情形。 经公司自查，并书面问询公司控股股东及实际控制人，截至本公告披露日，确认不存在应披露而未披露的重大事项或重要信息。
圣莱达于2017年4月18日接到中国证券监督管理委员会《调查通知书》，因公司涉嫌信息披露违法违规，中国证监会决定对公司立案调查。公司股票存在被实施退市风险警示及暂停上市风险。
嘉凯城公告，公司拟9.2亿元收购控股子公司武汉巴登城剩余49%股权，以实现对武汉巴登城项目全资控股。审计报告显示，截至2016年底，武汉巴登城总资产36.66亿元，净资产8032.36万元。不过，嘉凯城此前披露的2016年年报显示，上述两项数据分别为41.41亿元、5.56亿元，与今日公告均相差约4.75亿元。两份报告由不同的会计师事务所出具。
东方锆业公告称，公司氯氧化锆产品在2016年10月份、2017年2月份共上调出厂价1500元/吨的基础上继续上调出厂价，本次出厂价的提价幅度为10-15%；公司二氧化锆产品在2016年10月份、2017年2月份共上调出厂价4000元/吨的继续上调出厂价，本次出厂价的提价幅度为10-15%。
陕西金叶拟筹划涉及重大投资及签订重大合同的重大事项。鉴于上述事项存在不确定性，经公司申请，公司股票自2017年4月18日起停牌。 
科大讯飞与中国医学科学院北京协和医学院在北京签署战略合作框架协议，双方将在共建“医学人工智能联合研究中心”、共同推动智能语音及人工智能在医疗教育中的应用并探索人才培养新模式、共同推进人工智能研究成果在医疗方面的应用等方面战略合作。 ​​​​
目
太极实业控股子公司信息产业电子第十一设计研究院科技工程股份有限公司于近日收到《中标通知书》，确认十一科技为上海和辉光电有限公司第6代AMOLED显示项目工艺机电系统EPC/TURNKEY责任一体化中标单位，中标金21.6亿元。
众兴菌业公告，鉴于目前再融资监管政策的变化，公司综合考虑内外部各种因素，经与各中介机构认真研究与论证，决定终止2016年非公开发行A股股票事项。
长城影视拟以12.30元/股发行8783万股股份，并支付现金2.6975亿元，合计作价13.50亿元购买乐意传媒、韩伟及蒋文丽等持有的北京首映时代文化传媒有限责任公司100%股权，以12.30元/股发行22154467股份，并支付现金2.725亿元，合计作价5.45亿元购买鲍春雷、童黎明等持有的浙江德纳影业股份有限公司100%股权。同时，公司拟募集配套资金不超5.63亿元。
共达电声回复问询函，公司因*ST鲁丰实控人于荣强拟5亿收购公司控股股东潍坊高科100%股权，致实控人变更一事遭问询。据回复，于荣强拟以其向中国宏桥转让*ST鲁丰股份所获资金，支付股权转让款。如转让*ST鲁丰股份事项终止，则将质押所持全部*ST鲁丰股份进行融资。中国宏桥今早公告，子公司终止认购鲁丰增发股份，未提及与于荣强的股权转让交易。
中国联通晚间公告，公司控股股东联通集团拟以公司为平台，筹划并推进开展与混改相关的重大事项。目前，此次重大事项正在向有关政府部门咨询意见。公司拟通过非公开发行股份等方式引入战略投资者，但具体实施方案涉及多个政府主管部门的事前审批程序，还存在不确定性。公司股票继续停牌。
天威视讯与深圳前海天和文化产业基金管理有限公司管理的基金共同以现金收购璧合科技股份有限公司约80%股份，其中公司收购璧合科技不低于51%的股份。璧合科技的全部股份预估值为人民币13.2亿元。深圳前海天和文化产业基金管理有限公司是公司控股股东、实际控制人深圳广播电影电视集团通过全资子公司间接控制的法人。公司股票4月19日起复牌。
南方轴承实际控制人史建伟筹划重大事项，初步方案包括转让无限售标的股份和表决权委托有限售标的股份，将涉及控股权变更。由于本次控股权拟接收方广州国发文投股权投资基金管理中心（有限合伙）聘请的相关中介机构就公司尽职调查、审计等工作尚未完成，交易双方就控股权转让方案尚需进一步协商、完善和论证，公司股票4月19日起复牌。
龙净环保公告称，公司第一大股东东正投资100%的股权将转让给阳光集团。若股权转让实施完成，公司实控人将变更。股权转让价款在36-38亿元之间（以20元/股计算东正投资持有的龙净环保17.17%股份的价款，加上东正投资其他资产的净资产价值之和确定）。龙净环保目前股价12.77元/股，转让价较目前市价溢价56.6%。阳光集团为阳光城控股股东，实控人为吴洁
快乐购确认筹划的重大事项达到重大资产重组的标准。公司拟通过发行股份购买资产并募集配套资金方式收购公司实际控制人旗下的新媒体，及有利于实现产业协同的相关资产。具体交易方案正在进一步洽谈、沟通当中。公司股票4月19日起转入重大资产重组继续停牌。 ​​​​
华录百纳正在筹划收购资产事项，鉴于该事项尚存在重大不确定性，经公司向深圳证券交易所申请，公司股票已于2017年4月18日下午开市起停牌，预计停牌时间不超过10个交易日。 ​​​​
江苏国信拟向不超10名特定投资者非公开发行不超6.51亿股股份，募集资金不超40亿元，募资将用于增资江苏信托，增资完成后，上市公司持有江苏信托的股权比例保持不变，仍为81.49%。本次发行的定价基准日为本次发行的发行期首日。 ​​​​
王子新材与标的公司主要股东就标的公司估值、配套募集资金金额等事项进行了多次沟通和协商，但标的公司未切实配合上市公司及其聘请的中介机构开展尽职调查工作，导致本次重组的项目进度一再延迟，目前已不具备按期完成的可行性。公司拟终止本次重大资产重组事项。公司股票4月19日起复牌。
步森股份公告称，公司拟筹划重大事项，涉及购买资产，预计本次交易可能达到需提交公司股东大会审议的标准。鉴于该事项尚存在重大不确定性，为了保证公平信息披露，维护广大投资者利益，避免造成公司股价异常波动，根据深圳证券交易所的相关规定及《中小企业板信息披露业务备忘录第14号：上市公司停复牌业务》等有关规定，经公司向深圳证券交易所申请，公司股票自2017年4月19日（星期三）开市起停牌。预计停牌不超过10个交易日。
广汇物流发布2017年一季报，公司2017年1-3月实现营业收入1.29亿元，同比增长29.55%，物流行业营业平均收入增长率为165.45%；归属于上市公司股东的净利润6242.79万元，同比增长24.78%，物流行业平均净利润增长率为120.45%。
新华制药发布2017年一季报，公司2017年1-3月实现营业收入12.95亿元，同比增长28.91%，化学制药行业营业平均收入增长率为13.41%；归属于上市公司股东的净利润5155.04万元，同比增长153.98%，化学制药行业平均净利润增长率为32.65%。
方正证券披露2017年一季度业绩快报。公司2017年一季度实现营业收入132,452.38万元，同比下降31.19%；实现归属于上市公司股东的净利润40,482.91万元，同比下降52.24%；基本每股收益0.05元/股。
熊猫金控发布2017年一季报，公司2017年1-3月实现营业收入1.08亿元，同比增长28.14%，家用轻工行业营业平均收入增长率为11.72%；归属于上市公司股东的净利润962.13万元，同比增长1341.91%，家用轻工行业平均净利润增长率为36.73%。
开元仪器发布2017年一季报，公司2017年1-3月实现营业收入8574.12万元，同比增长27.34%，仪器仪表行业营业平均收入增长率为9.06%；归属于上市公司股东的净利润1261.38万元，同比增长429.63%，仪器仪表行业平均净利润增长率为8.48%。
力源信息发布2017年一季报，公司2017年1-3月实现营业收入9.49亿元，同比增长233.1%，其他电子行业营业平均收入增长率为30.60%；归属于上市公司股东的净利润4052.84万元，同比增长432.05%，其他电子行业平均净利润增长率为26.67%。
新华制药发布2017年一季报，公司2017年1-3月实现营业收入12.95亿元，同比增长28.91%，化学制药行业营业平均收入增长率为13.41%；归属于上市公司股东的净利润5155.04万元，同比增长153.98%，化学制药行业平均净利润增长率为32.65%。
新城控股发布2017年一季报，公司2017年1-3月实现营业收入20.37亿元，同比增长77.95%，房地产开发行业营业平均收入增长率为28.57%；归属于上市公司股东的净利润4227.15万元，同比增长121.82%，房地产开发行业平均净利润增长率为24.04%
中航高科发布2017年一季报，公司2017年1-3月实现营业收入7.23亿元，同比增长163.87%，国防军工行业营业平均收入增长率为26.65%；归属于上市公司股东的净利润6546.38万元，同比增长685.97%，国防军工行业平均净利润增长率为1.84%。
宝通科技发布2017年一季报，公司2017年1-3月实现营业收入3.70亿元，同比增长70.49%，通信服务行业营业平均收入增长率为0.31%；归属于上市公司股东的净利润3650.55万元，同比增长75.97%，通信服务行业平均净利润增长率为-36.70%。
飞亚达A发布2017年一季报，公司2017年1-3月实现营业收入8.17亿元，同比增长11.47%，家用轻工行业营业平均收入增长率为11.72%；归属于上市公司股东的净利润4531.90万元，同比增长66.3%，家用轻工行业平均净利润增长率为36.73%。
凯乐科技发布2016年年度报告，公司全年实现营业收入842068万元，比上年同期323011万元增加160.69%。2016年公司实现利润总额27218万元，其中归属于母公司所有者的净利润18223万元，比上年同期11961万元，增加52.35%，扣除非经常性损益后的净利润17288万元，比上年同期7942万元，增加117.7%。
杭州银行发布2016年年报，公司2016年1-12月实现实现营业收入137.33亿元，比2015年增长10.71%；实现归属于母公司股东的净利润40.21亿元，比2015年增长8.54%。 同时，公司拟10转4股派3元。
国药一致发布2016年年报，公司2016年1-12月实现营业收入412.48亿元，同比增长9.07%，医药商业行业营业平均收入增长率为16.29%；归属于上市公司股东的净利润11.87亿元，同比增长27.92%，医药商业行业平均净利润增长率为24.53%。
石英股份发布2016年年度报告，实现营收4.47亿元，同比增长9.26%；净利8093.75万元，同比增长12.03%。公司拟每10股转增5股分配现金红利1元（含税）。 
全新好发布2016年年度报告，营业收入3886.04万元，同比减少60.73%；归属于上市公司股东的净利润7801.90万元，同比增长457.43%；归属于上市公司股东的扣除非经常性损益的净利润亏损1554.01万元；基本每股收益0.54元；加权平均净资产收益率10.21%。公司拟每10股转增5股。
粤传媒发布2016年年报，公司2016年1-12月实现营业总收入102082.96万元，同比下降20.61%；营业利润-15966.23万元，同比下降318.07%；归属于母公司所有者的净利润18953.67万元，同比增长451.58%。
中原环保发布2016年年报，公司2016年1-12月实现营业收入9.37亿元，同比增长51.53%，燃气水务行业营业平均收入增长率为16.81%；归属于上市公司股东的净利润2.98亿元，同比增长773.52%，燃气水务行业平均净利润增长率为0.23%。
合康新能发布2016年年报，公司2016年1-12月实现营业收入14.17亿元，同比增长75.52%，电气设备行业营业平均收入增长率为10.06%；归属于上市公司股东的净利润1.79亿元，同比增长244.64%，电气设备行业平均净利润增长率为26.48%。
千山药机发布2016年年报，公司2016年1-12月实现营业收入7.64亿元，同比增长39.97%，医疗器械服务行业营业平均收入增长率为37.16%；归属于上市公司股东的净利润2.06亿元，同比增长244.33%，医疗器械服务行业平均净利润增长率为39.60%。
南洋科技发布2016年年报，公司2016年1-12月实现营业收入12.14亿元，同比增长31.45%，半导体及元件行业营业平均收入增长率为41.91%；归属于上市公司股东的净利润1.23亿元，同比增长22.68%，半导体及元件行业平均净利润增长率为42.94%。
泸州老窖发布2016年年报，公司2016年1-12月实现营业收入83.04亿元，同比增长20.34%，饮料制造行业营业平均收入增长率为13.46%；归属于上市公司股东的净利润19.28亿元，同比增长30.89%，饮料制造行业平均净利润增长率为5.95%。
开山股份发布2016年年度报告，实现营收17.28亿元，同比增长5.47%；净利9945.57万元，同比下降43.48%；每股收益0.12元。公司拟10派1.5元（含税）。因监管政策要求、资本市场环境等发生了重大变化，公司拟终止2016年非公开发行股票事项。
紫金矿业晚间披露一季度业绩预告，预计一季度实现净利润约10亿元，比去年同期增加1400%至1500%。一季度，金属价格同比上涨，公司矿产铜、矿产锌产销量同比提升，非经常性收益较大增加。
中材科技发布业绩预告，公司预计2017年1-6月归属上市公司股东的净利润2.73亿至3.54亿，同比变动0.00%至30.00%。化工新材料行业平均净利润增长率为79.88%。
中顺洁柔发布业绩预告，公司预计2017年1-6月归属上市公司股东的净利润1.48亿至1.80亿，同比变动40.00%至70.00%。造纸行业平均净利润增长率为58.67%。
宁波韵升发布业绩预告，公司预计2017年1-3月归属上市公司股东的净利润7600.00万至8100.00万，同比变动-87.00%。新材料行业平均净利润增长率为22.47%。
万里股份发布业绩预告，公司预计2016年1-12月归属上市公司股东的净利润亏损4200.00万，同比下降111.99%。电气设备行业平均净利润增长率为26.48%。
天银机电公告称，本公司2016年度权益分派方案为：以公司现有总股本32853.10万股为基数，向全体股东每10股派发现金2.00元；同时，向全体股东每10股转增3股。本次权益分派股权登记日为：2017年4月24日，除权除息日为：2017年4月25日。
天沃科技晚间公告，控股股东陈玉忠自2017年3月22日至3月28日，陈玉忠先生通过深圳证券交易所大宗交易系统共减持公司4483万股，占公司总股本的6.09%。减持计划已经执行完毕，实际减持数量未超出减持计划。
新湖中宝接到公司实际控制人黄伟先生通知，2017年3月9日至4月18日，黄伟先生通过上海证券交易所集中竞价系统累计增持公司股份429,967,233股，占公司总股本的5%。截至目前，在新湖中宝拥有权益的股份比例为57.09%。
福星集团计划自 2016年10月24日起，在未来八个月内，拟通过深圳证券交易所证券交易系统允许的方式(包括但不限于集中竞价和大宗交易等)增持福星股份股票，增持数量4700万股左右。同时，福星集团承诺自增持计划完成之日起六个月内，不减持福星股份股票。
银泰资源公告，公司股东侯仁峰于2月14日至4月18日通过深圳证券交易所大宗交易系统减持公司无限售流通股35,745,400股，占公司总股本的3.3%。",http://www.yicai.com/news/5268679.html
2017-04-18 18:37,,辉山乳业实控人杨凯减持九台农商套现3.55亿港元,"据港交所数据显示，辉山乳业实控人杨凯在3月28日、29日、30日、4月5日分别减持九台农商(06122.HK)1225.5万股、223.1万股、118.9万股、6100万股，减持的均价在4.58港元/股至5.144港元/股之间，合计套现逾3.55亿港元。
港交所数据显示，杨凯3月28日以4.763港元/股价格减持1225.5万股、3月29日5.061港元/股减持223.1万股、3月30日以5.144港元/股减持118.9万股、4月5日4.58港元/股减持6100万股，合计套现逾3.55亿港元。九台农商银行(06122-HK)今年1月12日刚刚登陆港交所，辉山乳业主席杨凯原来透过Champ Harvest Limited持有1.18亿股九台农商银行H股，股权占比15.55%，在近期连续减持后杨凯持有九台农商的股份下降至3.57%。
辉山乳业港股股价3月24日出现“闪崩”，随后停盘至今。而九台农商银行(06122-HK)在随后的3月27日也放量大跌约10%。3月29日，九台农商行公告称，2016年12月以来，先后为辉山乳业提供两笔融资，总金额13.5亿元，融资目前尚未到期，该行亦未计提减值损失。但其中一笔6亿元融资，为担保借款，将于2017年6月到期。
辉山乳业债务危机持续发酵，部分卷入的金融机构披露了对辉山乳业的贷款金额。在这些银行中，九台农商行显得尤为瞩目，虽是小型城商行，但是债权排名第二，达到13.5亿元。
 ",http://www.yicai.com/news/5268667.html
赵星巍,,私募一季度成绩单曝光  期指松绑套利成黑马,"阳光私募一季度成绩单日前出炉。第一财经记者统计发现，在股票、期货、债券等大类资产行情分化的背景下，阳光私募八大策略的业绩表现不一而同。
主要市场上，一季度A股市场在震荡中缓慢上行，上证综指和深证成指一季度上涨2.76%和1.62%，创业板指则下跌2.85%。债券市场方面，由于3月临近季末银行MPA考核，资金面相对紧张，在金融去杠杆的大背景下，债券收益率持续震荡调整，但跌幅较2016年四季度有明显收缩。
另外值得注意的是，去年强势惹眼的商品期货市场在经历1月的强势期和2月的震荡调整后开始大面积回撤，黑色系更是跌跌不休。截至4月18日收盘，铁矿石创近五个月新低。去年频繁上演高收益神话的期货私募再无往日风光，平均业绩垫底一季度八大策略。
与期货私募形成鲜明对比的是，受益于期指松绑带来的流动性改善，期指套利策略在个股行情分化，期指市场套利策略增多的情况下，摘得阳光私募一季度的业绩冠军。
回顾2016年，受制于期指受限以及贴水幅度较大等因素，套利策略和阿尔法策略表现长期低迷。对于市场中的大多数阿尔法策略基金来说，若不增加其它新策略如套利、CTA、股票多头等，较难获取正收益。
而随着股指期货松绑措施在2月16日晚间的“靴子落地”，以期指为主要交易标的的套利策略在2017年一季度打了一个翻身仗。格上理财统计数据显示，2017年一季度，套利策略平均收益为2.42%，位列私募八大策略收益之首。
据记者了解，期指套利策略可细分为期现套利、日内高频、不同期指合约之间的跨期套利等，期指市场的流动性是套利策略的收益高低的重要决定因素。
2月16日晚间，中国金融期货交易所(下称“中金所”)公告，对三大股指期货品种的异常交易手数认定、交易保证金、平今仓交易手续费进行了全面调整，自2月17日起开始实施。此番调整被视为股指期货市场逐步回归常态的破冰一步。
第一财经记者统计发现，期指松绑两个月来，中证500(IC)、沪深300(IF)、上证50(IH)三大股指期货的成交量和持仓量均有了明显提升，市场流动性有了一定程度上的改善。
(图：三大期指成交量&持仓量对比，数据来源：中金所)
以4月18日和松绑前一天，2月16日的交易数据进行对比，IC、IF、IH的成交量分别增加了28.34%、52.07%、33.91%。持仓量方面，IC、IF、IH分别增加了20.86%%、31.16%、10.87%。
值得注意的是，同以股指期货为交易标的，阿尔法策略今年一季度的表现却乏善可陈。格上理财数据显示，阿尔法策略今年以来平均收益为-2.01%，垫底八大策略。
华宝证券研究创新部的数据则显示，阿尔法策略三月中位数收益0.39%，收益区间在-14.61%到30.85%之间。“在大盘表现优于小盘的市场上，alpha策略普遍表现不佳，三月的中位数收益相对二月稍跌0.06%。”华宝证券分析师奕丽萍表示。
2016年，股票市场自年初熔断之后便陷入震荡格局，商品期货则在大起大落之际演绎了大牛市行情，股票私募和商品私募也分别长期占领私募策略排名的末尾和首位。
格上理财数据便显示，2016年股票策略产品平均收益为-6.81%，前1/4的平均收益达9.54%。与之形成鲜明对比的是，管理期货策略的年度平均收益达到了21.37%。
这其中，风格激进的单账户产品将期货的“暴利”本色展现得一览无余。私募排排网数据显示，截至2016年底，有持续业绩的单账户产品平均收益达到59.13%，超6成单账户实现了正收益，收益超过100%的产品只有101只，冠军产品收益则惊人地高达14217.01%。
股票私募和期货私募冰火两重天的格局持续近一年之后，2017年一季度，股票市场震荡上行而商品市场震荡回撤，“冰与火”的局势迎来反转和切换。
格上理财数据显示，截至2017年3月底，股票策略产品平均收益率为2.09%，紧随套利策略之后，位列八大策略第二名。其中，逾6成产品获得正收益。而管理期货策略却再无往日风光，主观期货策略今年以来平均收益为1.17%，程序化期货策略一季度收益则为-1.11%。
不过值得注意的是，就单月业绩情况来看，管理期货策略在3月表现可圈可点，主观期货策略以1.82%的月度平均收益成为收益最高的策略，程序化期货策略也以0.50%的收益名列第三。
“在经历了前两个月的震荡行情后，各大期货策略私募开始适应并积极调整策略以应对新的坏境，3月份期货策略产品收益逆市上行。”格上理财研究中心指出。",http://www.yicai.com/news/5268676.html
